M,N,bases,canonical_cx,d,exponent_qubits,mode,n,normalized_canonical_cx_n3log2n,normalized_ccx_n3log2n,normalized_qft_cx_n3over2,normalized_qubits_n,q,qft_canonical_cx,qft_cp,source_ccx,source_cswap,source_cx,synthetic_rule,total_qubits
16,9,4 7,41116,2,8,cover_2n,4,321.21875,49.625,4.5,4.25,4,36,12,6352,32,2712,N=2^(n-1)+1; no factoring outcome evaluated,17
16,33,4 25 16,182106,3,12,cover_2n,6,326.1491542326548,50.032963069000715,3.674234614174767,4.166666666666667,4,54,18,27936,72,13860,N=2^(n-1)+1; no factoring outcome evaluated,25
64,129,4 25 49,607598,3,18,cover_2n,8,395.5716145833333,59.740885416666664,5.170718337426629,4.375,6,117,45,91762,144,55757,N=2^(n-1)+1; no factoring outcome evaluated,35
64,2049,4 25 49 121,2263189,4,24,cover_2n,12,365.33599897293686,54.767412582662864,3.7527767497325675,4.083333333333333,6,156,60,339274,288,225085,N=2^(n-1)+1; no factoring outcome evaluated,49
256,32769,4 25 49 169,6303713,4,32,cover_2n,16,384.74810791015625,57.2479248046875,4.25,4.0625,8,272,112,937950,512,671645,N=2^(n-1)+1; no factoring outcome evaluated,65
1024,8388609,4 25 49 121 169,26212995,5,50,cover_2n,24,413.5681941041145,61.245149315571425,4.465215676948501,4.125,10,525,225,3881872,1200,2911638,N=2^(n-1)+1; no factoring outcome evaluated,99
2048,2147483649,4 25 49 121 169 289,69702163,6,66,cover_2n,32,425.42824096679686,62.71068115234375,4.143203796014927,4.09375,11,750,330,10274518,2112,8037409,N=2^(n-1)+1; no factoring outcome evaluated,131
16384,140737488355329,4 25 49 121 169 289 361,266007970,7,98,cover_2n,48,430.67600452170194,63.29765152078771,4.272993398533637,4.0625,14,1421,637,39095932,4704,31393325,N=2^(n-1)+1; no factoring outcome evaluated,195
65536,9223372036854775809,4 25 49 121 169 289 529 841,682776552,8,128,cover_2n,64,434.09764099121094,63.60127512613932,4.125,4.015625,16,2112,960,100036156,8192,82491968,N=2^(n-1)+1; no factoring outcome evaluated,257
