N,absolute_change_near_cf_boundary,approximate_factor_acceptance_mass,approximate_mass_near_cf_boundary,approximate_order_acceptance_mass,base,cf_boundary_fraction,clean_distribution_tv,compiled_cx,compiled_cx_saving,compiled_depth,compiled_depth_saving,controlled_phase,controlled_phase_saving,cutoff,distribution_certified,distribution_m_shot_bound,distribution_tv,exact_controlled_phase,exact_factor_acceptance_mass,exact_mass_near_cf_boundary,exact_order_acceptance_mass,fraction_change_near_cf_boundary,hellinger_affinity,hellinger_certified,hellinger_product_bound,instance_id,known_factors_used,known_order_used_by_decoder,loss_budget,omitted_layers,order_dependent_approximate_mean_valid_phase_distance,order_dependent_exact_mean_valid_phase_distance,phase_modulus,phase_qubits,readout_bitflip_probability,shots,state_certified,state_m_shot_bound,state_norm_error,state_trace_distance,worst_case_certified,worst_case_m_shot_bound
35,0.0,0.8307307756478944,0.7928252943882714,0.8307307756478944,2,0.37255859375,0.0,150,0,92,0,66,0,11,True,0.0,0.0,66,0.8307307756478944,0.7928252943882714,0.8307307756478944,0.0,1.0,True,0.0,35:2,False,False,0.05,0,0.00016676448593551496,0.00016676448593551496,4096,12,0.0,4,True,0.0,0.0,0.0,True,0.0
35,0.0,0.8307307756478944,0.7928252943882714,0.8307307756478944,2,0.37255859375,0.0,150,0,92,0,66,0,11,True,0.0,0.0,66,0.8307307756478944,0.7928252943882714,0.8307307756478944,0.0,1.0,True,0.0,35:2,False,False,0.05,0,0.00016676448593551496,0.00016676448593551496,4096,12,0.0,8,True,0.0,0.0,0.0,True,0.0
35,0.0,0.8307307756478944,0.7928252943882714,0.8307307756478944,2,0.37255859375,0.0,150,0,92,0,66,0,11,True,0.0,0.0,66,0.8307307756478944,0.7928252943882714,0.8307307756478944,0.0,1.0,True,0.0,35:2,False,False,0.05,0,0.00016676448593551496,0.00016676448593551496,4096,12,0.0,16,True,0.0,0.0,0.0,True,0.0
35,0.0,0.8184226905693447,0.7735415163062423,0.8184226905693447,2,0.37255859375,0.0,150,0,92,0,66,0,11,True,0.0,0.0,66,0.8184226905693447,0.7735415163062423,0.8184226905693447,0.0,1.0,True,0.0,35:2,False,False,0.05,0,0.0013696225549092505,0.0013696225549092505,4096,12,0.01,4,True,0.0,0.0,0.0,True,0.0
35,0.0,0.8184226905693447,0.7735415163062423,0.8184226905693447,2,0.37255859375,0.0,150,0,92,0,66,0,11,True,0.0,0.0,66,0.8184226905693447,0.7735415163062423,0.8184226905693447,0.0,1.0,True,0.0,35:2,False,False,0.05,0,0.0013696225549092505,0.0013696225549092505,4096,12,0.01,8,True,0.0,0.0,0.0,True,0.0
35,0.0,0.8184226905693447,0.7735415163062423,0.8184226905693447,2,0.37255859375,0.0,150,0,92,0,66,0,11,True,0.0,0.0,66,0.8184226905693447,0.7735415163062423,0.8184226905693447,0.0,1.0,True,0.0,35:2,False,False,0.05,0,0.0013696225549092505,0.0013696225549092505,4096,12,0.01,16,True,0.0,0.0,0.0,True,0.0
35,5.766290608485937e-17,0.8307307756478943,0.7928252943882714,0.8307307756478943,2,0.37255859375,2.990727752967125e-17,148,2,92,0,65,1,10,True,1.19629110118685e-16,2.990727752967125e-17,66,0.8307307756478944,0.7928252943882714,0.8307307756478944,0.9640280033455324,1.0,True,0.0,35:2,False,False,0.05,1,0.00016676448593551496,0.00016676448593551496,4096,12,0.0,4,True,0.0026569324127670253,0.0007669903187426925,0.0006642331031917563,True,0.01227184630308513
35,5.766290608485937e-17,0.8307307756478943,0.7928252943882714,0.8307307756478943,2,0.37255859375,2.990727752967125e-17,148,2,92,0,65,1,10,True,2.3925822023737e-16,2.990727752967125e-17,66,0.8307307756478944,0.7928252943882714,0.8307307756478944,0.9640280033455324,1.0,True,0.0,35:2,False,False,0.05,1,0.00016676448593551496,0.00016676448593551496,4096,12,0.0,8,True,0.005313864825534051,0.0007669903187426925,0.0006642331031917563,True,0.02454369260617026
35,5.766290608485937e-17,0.8307307756478943,0.7928252943882714,0.8307307756478943,2,0.37255859375,2.990727752967125e-17,148,2,92,0,65,1,10,True,4.7851644047474e-16,2.990727752967125e-17,66,0.8307307756478944,0.7928252943882714,0.8307307756478944,0.9640280033455324,1.0,True,0.0,35:2,False,False,0.05,1,0.00016676448593551496,0.00016676448593551496,4096,12,0.0,16,True,0.010627729651068101,0.0007669903187426925,0.0006642331031917563,True,0.04908738521234052
35,6.24788177855921e-17,0.8184226905693446,0.7735415163062423,0.8184226905693446,2,0.37255859375,2.990727752967125e-17,148,2,92,0,65,1,10,True,1.3463101652662433e-16,3.365775413165608e-17,66,0.8184226905693447,0.7735415163062423,0.8184226905693447,0.9281489421605374,1.0,True,0.0,35:2,False,False,0.05,1,0.0013696225549092505,0.0013696225549092505,4096,12,0.01,4,True,0.0026569324127670253,0.0007669903187426925,0.0006642331031917563,True,0.01227184630308513
35,6.24788177855921e-17,0.8184226905693446,0.7735415163062423,0.8184226905693446,2,0.37255859375,2.990727752967125e-17,148,2,92,0,65,1,10,True,2.6926203305324865e-16,3.365775413165608e-17,66,0.8184226905693447,0.7735415163062423,0.8184226905693447,0.9281489421605374,1.0,True,0.0,35:2,False,False,0.05,1,0.0013696225549092505,0.0013696225549092505,4096,12,0.01,8,True,0.005313864825534051,0.0007669903187426925,0.0006642331031917563,True,0.02454369260617026
35,6.24788177855921e-17,0.8184226905693446,0.7735415163062423,0.8184226905693446,2,0.37255859375,2.990727752967125e-17,148,2,92,0,65,1,10,True,5.385240661064973e-16,3.365775413165608e-17,66,0.8184226905693447,0.7735415163062423,0.8184226905693447,0.9281489421605374,1.0,True,0.0,35:2,False,False,0.05,1,0.0013696225549092505,0.0013696225549092505,4096,12,0.01,16,True,0.010627729651068101,0.0007669903187426925,0.0006642331031917563,True,0.04908738521234052
35,6.000280813186977e-17,0.8307307756478943,0.7928252943882714,0.8307307756478943,2,0.37255859375,3.1606531500981785e-17,144,6,92,0,63,3,9,True,1.2642612600392714e-16,3.1606531500981785e-17,66,0.8307307756478944,0.7928252943882714,0.8307307756478944,0.9492153248452131,1.0,True,0.0,35:2,False,False,0.05,2,0.00016676448593551496,0.00016676448593551496,4096,12,0.0,4,True,0.009171858393776319,0.002869811072586426,0.0022929645984440796,False,0.06135923151542565
35,6.000280813186977e-17,0.8307307756478943,0.7928252943882714,0.8307307756478943,2,0.37255859375,3.1606531500981785e-17,144,6,92,0,63,3,9,True,2.528522520078543e-16,3.1606531500981785e-17,66,0.8307307756478944,0.7928252943882714,0.8307307756478944,0.9492153248452131,1.0,True,0.0,35:2,False,False,0.05,2,0.00016676448593551496,0.00016676448593551496,4096,12,0.0,8,True,0.018343716787552637,0.002869811072586426,0.0022929645984440796,False,0.1227184630308513
35,6.000280813186977e-17,0.8307307756478943,0.7928252943882714,0.8307307756478943,2,0.37255859375,3.1606531500981785e-17,144,6,92,0,63,3,9,True,5.057045040157086e-16,3.1606531500981785e-17,66,0.8307307756478944,0.7928252943882714,0.8307307756478944,0.9492153248452131,1.0,True,0.0,35:2,False,False,0.05,2,0.00016676448593551496,0.00016676448593551496,4096,12,0.0,16,True,0.036687433575105274,0.002869811072586426,0.0022929645984440796,False,0.2454369260617026
35,6.345737906768723e-17,0.8184226905693446,0.7735415163062423,0.8184226905693446,2,0.37255859375,3.1606531500981785e-17,144,6,92,0,63,3,9,True,1.365026417027011e-16,3.412566042567528e-17,66,0.8184226905693447,0.7735415163062423,0.8184226905693447,0.9297604541001574,1.0,True,0.0,35:2,False,False,0.05,2,0.0013696225549092505,0.0013696225549092505,4096,12,0.01,4,True,0.009171858393776319,0.002869811072586426,0.0022929645984440796,False,0.06135923151542565
35,6.345737906768723e-17,0.8184226905693446,0.7735415163062423,0.8184226905693446,2,0.37255859375,3.1606531500981785e-17,144,6,92,0,63,3,9,True,2.730052834054022e-16,3.412566042567528e-17,66,0.8184226905693447,0.7735415163062423,0.8184226905693447,0.9297604541001574,1.0,True,0.0,35:2,False,False,0.05,2,0.0013696225549092505,0.0013696225549092505,4096,12,0.01,8,True,0.018343716787552637,0.002869811072586426,0.0022929645984440796,False,0.1227184630308513
35,6.345737906768723e-17,0.8184226905693446,0.7735415163062423,0.8184226905693446,2,0.37255859375,3.1606531500981785e-17,144,6,92,0,63,3,9,True,5.460105668108044e-16,3.412566042567528e-17,66,0.8184226905693447,0.7735415163062423,0.8184226905693447,0.9297604541001574,1.0,True,0.0,35:2,False,False,0.05,2,0.0013696225549092505,0.0013696225549092505,4096,12,0.01,16,True,0.036687433575105274,0.002869811072586426,0.0022929645984440796,False,0.2454369260617026
35,1.4342360894674558e-05,0.8307307373293816,0.7928254699078142,0.8307307373293816,2,0.37255859375,8.68223414551327e-06,138,12,92,0,60,6,8,True,3.472893658205308e-05,8.68223414551327e-06,66,0.8307307756478944,0.7928252943882714,0.8307307756478944,0.8259602686531023,0.999999321444982,True,0.0023298985495885725,35:2,False,False,0.05,3,0.0001669585520957022,0.00016676448593551496,4096,12,0.0,4,True,0.024382523826479065,0.0081865879735938,0.006095630956619766,False,0.2086213871524472
35,1.4342360894674558e-05,0.8307307373293816,0.7928254699078142,0.8307307373293816,2,0.37255859375,8.68223414551327e-06,138,12,92,0,60,6,8,True,6.945787316410616e-05,8.68223414551327e-06,66,0.8307307756478944,0.7928252943882714,0.8307307756478944,0.8259602686531023,0.999999321444982,True,0.0032949696561559265,35:2,False,False,0.05,3,0.0001669585520957022,0.00016676448593551496,4096,12,0.0,8,True,0.04876504765295813,0.0081865879735938,0.006095630956619766,False,0.4172427743048944
35,1.4342360894674558e-05,0.8307307373293816,0.7928254699078142,0.8307307373293816,2,0.37255859375,8.68223414551327e-06,138,12,92,0,60,6,8,True,0.00013891574632821232,8.68223414551327e-06,66,0.8307307756478944,0.7928252943882714,0.8307307756478944,0.8259602686531023,0.999999321444982,True,0.004659778127686276,35:2,False,False,0.05,3,0.0001669585520957022,0.00016676448593551496,4096,12,0.0,16,False,0.09753009530591626,0.0081865879735938,0.006095630956619766,False,0.8344855486097889
35,1.3181902066914497e-05,0.8184226012397074,0.7735417354148582,0.8184226012397074,2,0.37255859375,8.68223414551327e-06,138,12,92,0,60,6,8,True,3.217161767390297e-05,8.042904418475743e-06,66,0.8184226905693447,0.7735415163062423,0.8184226905693447,0.8194739972685561,0.9999999961187938,True,0.00017620910736442283,35:2,False,False,0.05,3,0.0013698053251465108,0.0013696225549092505,4096,12,0.01,4,True,0.024382523826479065,0.0081865879735938,0.006095630956619766,False,0.2086213871524472
35,1.3181902066914497e-05,0.8184226012397074,0.7735417354148582,0.8184226012397074,2,0.37255859375,8.68223414551327e-06,138,12,92,0,60,6,8,True,6.434323534780594e-05,8.042904418475743e-06,66,0.8184226905693447,0.7735415163062423,0.8184226905693447,0.8194739972685561,0.9999999961187938,True,0.0002491973076663449,35:2,False,False,0.05,3,0.0013698053251465108,0.0013696225549092505,4096,12,0.01,8,True,0.04876504765295813,0.0081865879735938,0.006095630956619766,False,0.4172427743048944
35,1.3181902066914497e-05,0.8184226012397074,0.7735417354148582,0.8184226012397074,2,0.37255859375,8.68223414551327e-06,138,12,92,0,60,6,8,True,0.0001286864706956119,8.042904418475743e-06,66,0.8184226905693447,0.7735415163062423,0.8184226905693447,0.8194739972685561,0.9999999961187938,True,0.00035241820669558113,35:2,False,False,0.05,3,0.0013698053251465108,0.0013696225549092505,4096,12,0.01,16,False,0.09753009530591626,0.0081865879735938,0.006095630956619766,False,0.8344855486097889
35,0.0,0.0,0.6191111858257561,0.6666491685818337,11,0.37255859375,0.0,150,0,92,0,66,0,11,True,0.0,0.0,66,0.0,0.6191111858257561,0.6666491685818337,0.0,1.0,True,0.0,35:11,False,False,0.05,0,0.00020105126390784466,0.00020105126390784466,4096,12,0.0,4,True,0.0,0.0,0.0,True,0.0
35,0.0,0.0,0.6191111858257561,0.6666491685818337,11,0.37255859375,0.0,150,0,92,0,66,0,11,True,0.0,0.0,66,0.0,0.6191111858257561,0.6666491685818337,0.0,1.0,True,0.0,35:11,False,False,0.05,0,0.00020105126390784466,0.00020105126390784466,4096,12,0.0,8,True,0.0,0.0,0.0,True,0.0
35,0.0,0.0,0.6191111858257561,0.6666491685818337,11,0.37255859375,0.0,150,0,92,0,66,0,11,True,0.0,0.0,66,0.0,0.6191111858257561,0.6666491685818337,0.0,1.0,True,0.0,35:11,False,False,0.05,0,0.00020105126390784466,0.00020105126390784466,4096,12,0.0,16,True,0.0,0.0,0.0,True,0.0
35,0.0,0.0,0.5985494568077749,0.6767496369763801,11,0.37255859375,0.0,150,0,92,0,66,0,11,True,0.0,0.0,66,0.0,0.5985494568077749,0.6767496369763801,0.0,0.9999999999999999,True,2.9802322387695312e-08,35:11,False,False,0.05,0,0.0050596186581960065,0.0050596186581960065,4096,12,0.01,4,True,0.0,0.0,0.0,True,0.0
35,0.0,0.0,0.5985494568077749,0.6767496369763801,11,0.37255859375,0.0,150,0,92,0,66,0,11,True,0.0,0.0,66,0.0,0.5985494568077749,0.6767496369763801,0.0,0.9999999999999999,True,4.2146848510894035e-08,35:11,False,False,0.05,0,0.0050596186581960065,0.0050596186581960065,4096,12,0.01,8,True,0.0,0.0,0.0,True,0.0
35,0.0,0.0,0.5985494568077749,0.6767496369763801,11,0.37255859375,0.0,150,0,92,0,66,0,11,True,0.0,0.0,66,0.0,0.5985494568077749,0.6767496369763801,0.0,0.9999999999999999,True,5.960464477539063e-08,35:11,False,False,0.05,0,0.0050596186581960065,0.0050596186581960065,4096,12,0.01,16,True,0.0,0.0,0.0,True,0.0
35,8.64228815425133e-07,0.0,0.6191111866987284,0.6666491685689845,11,0.37255859375,6.253784969424323e-07,148,2,92,0,65,1,10,True,2.501513987769729e-06,6.253784969424323e-07,66,0.0,0.6191111858257561,0.6666491685818337,0.6909646075540454,0.9999999575512473,True,0.0005827434868588651,35:11,False,False,0.05,1,0.0002011001400331613,0.00020105126390784466,4096,12,0.0,4,True,0.0026569324147727486,0.0007669903187426845,0.0006642331036931871,True,0.01227184630308513
35,8.64228815425133e-07,0.0,0.6191111866987284,0.6666491685689845,11,0.37255859375,6.253784969424323e-07,148,2,92,0,65,1,10,True,5.003027975539458e-06,6.253784969424323e-07,66,0.0,0.6191111858257561,0.6666491685818337,0.6909646075540454,0.9999999575512473,True,0.0008241236724482935,35:11,False,False,0.05,1,0.0002011001400331613,0.00020105126390784466,4096,12,0.0,8,True,0.005313864829545497,0.0007669903187426845,0.0006642331036931871,True,0.02454369260617026
35,8.64228815425133e-07,0.0,0.6191111866987284,0.6666491685689845,11,0.37255859375,6.253784969424323e-07,148,2,92,0,65,1,10,True,1.0006055951078916e-05,6.253784969424323e-07,66,0.0,0.6191111858257561,0.6666491685818337,0.6909646075540454,0.9999999575512473,True,0.0011654866767975855,35:11,False,False,0.05,1,0.0002011001400331613,0.00020105126390784466,4096,12,0.0,16,True,0.010627729659090994,0.0007669903187426845,0.0006642331036931871,True,0.04908738521234052
35,7.93452031970487e-07,0.0,0.5985494652019425,0.67674963681351,11,0.37255859375,6.253784969424323e-07,148,2,92,0,65,1,10,True,2.3041482317657684e-06,5.760370579414421e-07,66,0.0,0.5985494568077749,0.6767496369763801,0.6887161346928018,0.99999999994772,True,2.0450908662529157e-05,35:11,False,False,0.05,1,0.005059664679426985,0.0050596186581960065,4096,12,0.01,4,True,0.0026569324147727486,0.0007669903187426845,0.0006642331036931871,True,0.01227184630308513
35,7.93452031970487e-07,0.0,0.5985494652019425,0.67674963681351,11,0.37255859375,6.253784969424323e-07,148,2,92,0,65,1,10,True,4.608296463531537e-06,5.760370579414421e-07,66,0.0,0.5985494568077749,0.6767496369763801,0.6887161346928018,0.99999999994772,True,2.892195239340215e-05,35:11,False,False,0.05,1,0.005059664679426985,0.0050596186581960065,4096,12,0.01,8,True,0.005313864829545497,0.0007669903187426845,0.0006642331036931871,True,0.02454369260617026
35,7.93452031970487e-07,0.0,0.5985494652019425,0.67674963681351,11,0.37255859375,6.253784969424323e-07,148,2,92,0,65,1,10,True,9.216592927063074e-06,5.760370579414421e-07,66,0.0,0.5985494568077749,0.6767496369763801,0.6887161346928018,0.99999999994772,True,4.0901817325058314e-05,35:11,False,False,0.05,1,0.005059664679426985,0.0050596186581960065,4096,12,0.01,16,True,0.010627729659090994,0.0007669903187426845,0.0006642331036931871,True,0.04908738521234052
35,7.139306652183914e-06,0.0,0.619111202481581,0.6666491680924198,11,0.37255859375,4.7912663381128534e-06,144,6,92,0,63,3,9,True,1.9165065352451414e-05,4.7912663381128534e-06,66,0.0,0.6191111858257561,0.6666491685818337,0.7450333740991624,0.999999431182217,True,0.002133197882138834,35:11,False,False,0.05,2,0.00020141117262766816,0.00020105126390784466,4096,12,0.0,4,True,0.009171858391839571,0.002869811072586457,0.0022929645979598927,False,0.06135923151542565
35,7.139306652183914e-06,0.0,0.619111202481581,0.6666491680924198,11,0.37255859375,4.7912663381128534e-06,144,6,92,0,63,3,9,True,3.833013070490283e-05,4.7912663381128534e-06,66,0.0,0.6191111858257561,0.6666491685818337,0.7450333740991624,0.999999431182217,True,0.003016793944139783,35:11,False,False,0.05,2,0.00020141117262766816,0.00020105126390784466,4096,12,0.0,8,True,0.018343716783679142,0.002869811072586457,0.0022929645979598927,False,0.1227184630308513
35,7.139306652183914e-06,0.0,0.619111202481581,0.6666491680924198,11,0.37255859375,4.7912663381128534e-06,144,6,92,0,63,3,9,True,7.666026140980565e-05,4.7912663381128534e-06,66,0.0,0.6191111858257561,0.6666491685818337,0.7450333740991624,0.999999431182217,True,0.004266381203529642,35:11,False,False,0.05,2,0.00020141117262766816,0.00020105126390784466,4096,12,0.0,16,True,0.036687433567358284,0.002869811072586457,0.0022929645979598927,False,0.2454369260617026
35,6.532228644186818e-06,0.0,0.5985495516039505,0.6767496299387677,11,0.37255859375,4.7912663381128534e-06,144,6,92,0,63,3,9,True,1.7644760288485376e-05,4.411190072121344e-06,66,0.0,0.5985494568077749,0.6767496369763801,0.7404156857205504,0.9999999971655181,True,0.00015058504158602684,35:11,False,False,0.05,2,0.005059957551492342,0.0050596186581960065,4096,12,0.01,4,True,0.009171858391839571,0.002869811072586457,0.0022929645979598927,False,0.06135923151542565
35,6.532228644186818e-06,0.0,0.5985495516039505,0.6767496299387677,11,0.37255859375,4.7912663381128534e-06,144,6,92,0,63,3,9,True,3.528952057697075e-05,4.411190072121344e-06,66,0.0,0.5985494568077749,0.6767496369763801,0.7404156857205504,0.9999999971655181,True,0.0002129594067981486,35:11,False,False,0.05,2,0.005059957551492342,0.0050596186581960065,4096,12,0.01,8,True,0.018343716783679142,0.002869811072586457,0.0022929645979598927,False,0.1227184630308513
35,6.532228644186818e-06,0.0,0.5985495516039505,0.6767496299387677,11,0.37255859375,4.7912663381128534e-06,144,6,92,0,63,3,9,True,7.05790411539415e-05,4.411190072121344e-06,66,0.0,0.5985494568077749,0.6767496369763801,0.7404156857205504,0.9999999971655181,True,0.00030117007801114184,35:11,False,False,0.05,2,0.005059957551492342,0.0050596186581960065,4096,12,0.01,16,True,0.036687433567358284,0.002869811072586457,0.0022929645979598927,False,0.2454369260617026
35,4.28388622962413e-05,0.0,0.6191115379346848,0.6666491560939566,11,0.37255859375,2.6622014808018347e-05,138,12,92,0,60,6,8,True,0.00010648805923207339,2.6622014808018347e-05,66,0.0,0.6191111858257561,0.6666491685818337,0.8045758858818335,0.9999951157595408,True,0.006250860398177463,35:11,False,False,0.05,3,0.00020323263899416197,0.00020105126390784466,4096,12,0.0,4,True,0.024382523826187653,0.008186587973593798,0.006095630956546913,False,0.2086213871524472
35,4.28388622962413e-05,0.0,0.6191115379346848,0.6666491560939566,11,0.37255859375,2.6622014808018347e-05,138,12,92,0,60,6,8,True,0.00021297611846414678,2.6622014808018347e-05,66,0.0,0.6191111858257561,0.6666491685818337,0.8045758858818335,0.9999951157595408,True,0.008839965198783313,35:11,False,False,0.05,3,0.00020323263899416197,0.00020105126390784466,4096,12,0.0,8,True,0.048765047652375305,0.008186587973593798,0.006095630956546913,False,0.4172427743048944
35,4.28388622962413e-05,0.0,0.6191115379346848,0.6666491560939566,11,0.37255859375,2.6622014808018347e-05,138,12,92,0,60,6,8,True,0.00042595223692829356,2.6622014808018347e-05,66,0.0,0.6191111858257561,0.6666491685818337,0.8045758858818335,0.9999951157595408,True,0.01250135443833031,35:11,False,False,0.05,3,0.00020323263899416197,0.00020105126390784466,4096,12,0.0,16,False,0.09753009530475061,0.008186587973593798,0.006095630956546913,False,0.8344855486097889
35,3.9009079703194706e-05,0.0,0.5985502842187458,0.67674957455912,11,0.37255859375,2.6622014808018347e-05,138,12,92,0,60,6,8,True,9.794528838420407e-05,2.448632209605102e-05,66,0.0,0.5985494568077749,0.6767496369763801,0.7965483658627078,0.9999999225705694,True,0.0007870421064299479,35:11,False,False,0.05,3,0.005061674598724662,0.0050596186581960065,4096,12,0.01,4,True,0.024382523826187653,0.008186587973593798,0.006095630956546913,False,0.2086213871524472
35,3.9009079703194706e-05,0.0,0.5985502842187458,0.67674957455912,11,0.37255859375,2.6622014808018347e-05,138,12,92,0,60,6,8,True,0.00019589057676840815,2.448632209605102e-05,66,0.0,0.5985494568077749,0.6767496369763801,0.7965483658627078,0.9999999225705694,True,0.0011130454487101153,35:11,False,False,0.05,3,0.005061674598724662,0.0050596186581960065,4096,12,0.01,8,True,0.048765047652375305,0.008186587973593798,0.006095630956546913,False,0.4172427743048944
35,3.9009079703194706e-05,0.0,0.5985502842187458,0.67674957455912,11,0.37255859375,2.6622014808018347e-05,138,12,92,0,60,6,8,True,0.0003917811535368163,2.448632209605102e-05,66,0.0,0.5985494568077749,0.6767496369763801,0.7965483658627078,0.9999999225705694,True,0.0015740834815905712,35:11,False,False,0.05,3,0.005061674598724662,0.0050596186581960065,4096,12,0.01,16,False,0.09753009530475061,0.008186587973593798,0.006095630956546913,False,0.8344855486097889
39,0.0,0.8309316117416881,0.7941301538804348,0.8309316117416881,2,0.44970703125,0.0,150,0,92,0,66,0,11,True,0.0,0.0,66,0.8309316117416881,0.7941301538804348,0.8309316117416881,0.0,1.0,True,0.0,39:2,False,False,0.05,0,0.00016676448593551496,0.00016676448593551496,4096,12,0.0,4,True,0.0,0.0,0.0,True,0.0
39,0.0,0.8309316117416881,0.7941301538804348,0.8309316117416881,2,0.44970703125,0.0,150,0,92,0,66,0,11,True,0.0,0.0,66,0.8309316117416881,0.7941301538804348,0.8309316117416881,0.0,1.0,True,0.0,39:2,False,False,0.05,0,0.00016676448593551496,0.00016676448593551496,4096,12,0.0,8,True,0.0,0.0,0.0,True,0.0
39,0.0,0.8309316117416881,0.7941301538804348,0.8309316117416881,2,0.44970703125,0.0,150,0,92,0,66,0,11,True,0.0,0.0,66,0.8309316117416881,0.7941301538804348,0.8309316117416881,0.0,1.0,True,0.0,39:2,False,False,0.05,0,0.00016676448593551496,0.00016676448593551496,4096,12,0.0,16,True,0.0,0.0,0.0,True,0.0
39,0.0,0.8187521591015755,0.7770012127783266,0.8187521591015755,2,0.44970703125,0.0,150,0,92,0,66,0,11,True,0.0,0.0,66,0.8187521591015755,0.7770012127783266,0.8187521591015755,0.0,1.0,True,0.0,39:2,False,False,0.05,0,0.0013696225549092505,0.0013696225549092505,4096,12,0.01,4,True,0.0,0.0,0.0,True,0.0
39,0.0,0.8187521591015755,0.7770012127783266,0.8187521591015755,2,0.44970703125,0.0,150,0,92,0,66,0,11,True,0.0,0.0,66,0.8187521591015755,0.7770012127783266,0.8187521591015755,0.0,1.0,True,0.0,39:2,False,False,0.05,0,0.0013696225549092505,0.0013696225549092505,4096,12,0.01,8,True,0.0,0.0,0.0,True,0.0
39,0.0,0.8187521591015755,0.7770012127783266,0.8187521591015755,2,0.44970703125,0.0,150,0,92,0,66,0,11,True,0.0,0.0,66,0.8187521591015755,0.7770012127783266,0.8187521591015755,0.0,1.0,True,0.0,39:2,False,False,0.05,0,0.0013696225549092505,0.0013696225549092505,4096,12,0.01,16,True,0.0,0.0,0.0,True,0.0
39,5.770846057555389e-17,0.8309316117416881,0.7941301538804348,0.8309316117416881,2,0.44970703125,2.990727752967125e-17,148,2,92,0,65,1,10,True,1.19629110118685e-16,2.990727752967125e-17,66,0.8309316117416881,0.7941301538804348,0.8309316117416881,0.9647895987573737,1.0,True,0.0,39:2,False,False,0.05,1,0.00016676448593551496,0.00016676448593551496,4096,12,0.0,4,True,0.0026569324127670253,0.0007669903187426925,0.0006642331031917563,True,0.01227184630308513
39,5.770846057555389e-17,0.8309316117416881,0.7941301538804348,0.8309316117416881,2,0.44970703125,2.990727752967125e-17,148,2,92,0,65,1,10,True,2.3925822023737e-16,2.990727752967125e-17,66,0.8309316117416881,0.7941301538804348,0.8309316117416881,0.9647895987573737,1.0,True,0.0,39:2,False,False,0.05,1,0.00016676448593551496,0.00016676448593551496,4096,12,0.0,8,True,0.005313864825534051,0.0007669903187426925,0.0006642331031917563,True,0.02454369260617026
39,5.770846057555389e-17,0.8309316117416881,0.7941301538804348,0.8309316117416881,2,0.44970703125,2.990727752967125e-17,148,2,92,0,65,1,10,True,4.7851644047474e-16,2.990727752967125e-17,66,0.8309316117416881,0.7941301538804348,0.8309316117416881,0.9647895987573737,1.0,True,0.0,39:2,False,False,0.05,1,0.00016676448593551496,0.00016676448593551496,4096,12,0.0,16,True,0.010627729651068101,0.0007669903187426925,0.0006642331031917563,True,0.04908738521234052
39,6.277927625385096e-17,0.8187521591015754,0.7770012127783263,0.8187521591015754,2,0.44970703125,2.990727752967125e-17,148,2,92,0,65,1,10,True,1.3463101652662433e-16,3.365775413165608e-17,66,0.8187521591015755,0.7770012127783266,0.8187521591015755,0.93261237823954,1.0,True,0.0,39:2,False,False,0.05,1,0.0013696225549092505,0.0013696225549092505,4096,12,0.01,4,True,0.0026569324127670253,0.0007669903187426925,0.0006642331031917563,True,0.01227184630308513
39,6.277927625385096e-17,0.8187521591015754,0.7770012127783263,0.8187521591015754,2,0.44970703125,2.990727752967125e-17,148,2,92,0,65,1,10,True,2.6926203305324865e-16,3.365775413165608e-17,66,0.8187521591015755,0.7770012127783266,0.8187521591015755,0.93261237823954,1.0,True,0.0,39:2,False,False,0.05,1,0.0013696225549092505,0.0013696225549092505,4096,12,0.01,8,True,0.005313864825534051,0.0007669903187426925,0.0006642331031917563,True,0.02454369260617026
39,6.277927625385096e-17,0.8187521591015754,0.7770012127783263,0.8187521591015754,2,0.44970703125,2.990727752967125e-17,148,2,92,0,65,1,10,True,5.385240661064973e-16,3.365775413165608e-17,66,0.8187521591015755,0.7770012127783266,0.8187521591015755,0.93261237823954,1.0,True,0.0,39:2,False,False,0.05,1,0.0013696225549092505,0.0013696225549092505,4096,12,0.01,16,True,0.010627729651068101,0.0007669903187426925,0.0006642331031917563,True,0.04908738521234052
39,6.010987839035864e-17,0.8309316117416881,0.7941301538804348,0.8309316117416881,2,0.44970703125,3.1606531500981785e-17,144,6,92,0,63,3,9,True,1.2642612600392714e-16,3.1606531500981785e-17,66,0.8309316117416881,0.7941301538804348,0.8309316117416881,0.950909124408217,1.0,True,0.0,39:2,False,False,0.05,2,0.00016676448593551496,0.00016676448593551496,4096,12,0.0,4,True,0.009171858393776319,0.002869811072586426,0.0022929645984440796,False,0.06135923151542565
39,6.010987839035864e-17,0.8309316117416881,0.7941301538804348,0.8309316117416881,2,0.44970703125,3.1606531500981785e-17,144,6,92,0,63,3,9,True,2.528522520078543e-16,3.1606531500981785e-17,66,0.8309316117416881,0.7941301538804348,0.8309316117416881,0.950909124408217,1.0,True,0.0,39:2,False,False,0.05,2,0.00016676448593551496,0.00016676448593551496,4096,12,0.0,8,True,0.018343716787552637,0.002869811072586426,0.0022929645984440796,False,0.1227184630308513
39,6.010987839035864e-17,0.8309316117416881,0.7941301538804348,0.8309316117416881,2,0.44970703125,3.1606531500981785e-17,144,6,92,0,63,3,9,True,5.057045040157086e-16,3.1606531500981785e-17,66,0.8309316117416881,0.7941301538804348,0.8309316117416881,0.950909124408217,1.0,True,0.0,39:2,False,False,0.05,2,0.00016676448593551496,0.00016676448593551496,4096,12,0.0,16,True,0.036687433575105274,0.002869811072586426,0.0022929645984440796,False,0.2454369260617026
39,6.379304234281635e-17,0.8187521591015754,0.7770012127783263,0.8187521591015754,2,0.44970703125,3.1606531500981785e-17,144,6,92,0,63,3,9,True,1.365026417027011e-16,3.412566042567528e-17,66,0.8187521591015755,0.7770012127783266,0.8187521591015755,0.9346785021458528,1.0,True,0.0,39:2,False,False,0.05,2,0.0013696225549092505,0.0013696225549092505,4096,12,0.01,4,True,0.009171858393776319,0.002869811072586426,0.0022929645984440796,False,0.06135923151542565
39,6.379304234281635e-17,0.8187521591015754,0.7770012127783263,0.8187521591015754,2,0.44970703125,3.1606531500981785e-17,144,6,92,0,63,3,9,True,2.730052834054022e-16,3.412566042567528e-17,66,0.8187521591015755,0.7770012127783266,0.8187521591015755,0.9346785021458528,1.0,True,0.0,39:2,False,False,0.05,2,0.0013696225549092505,0.0013696225549092505,4096,12,0.01,8,True,0.018343716787552637,0.002869811072586426,0.0022929645984440796,False,0.1227184630308513
39,6.379304234281635e-17,0.8187521591015754,0.7770012127783263,0.8187521591015754,2,0.44970703125,3.1606531500981785e-17,144,6,92,0,63,3,9,True,5.460105668108044e-16,3.412566042567528e-17,66,0.8187521591015755,0.7770012127783266,0.8187521591015755,0.9346785021458528,1.0,True,0.0,39:2,False,False,0.05,2,0.0013696225549092505,0.0013696225549092505,4096,12,0.01,16,True,0.036687433575105274,0.002869811072586426,0.0022929645984440796,False,0.2454369260617026
39,1.4693779312057987e-05,0.8309315764999443,0.794130329150132,0.8309315764999443,2,0.44970703125,8.68223414551327e-06,138,12,92,0,60,6,8,True,3.472893658205308e-05,8.68223414551327e-06,66,0.8309316117416881,0.7941301538804348,0.8309316117416881,0.8461980560413308,0.999999321444982,True,0.0023298985495885725,39:2,False,False,0.05,3,0.0001669585520957022,0.00016676448593551496,4096,12,0.0,4,True,0.024382523826479065,0.0081865879735938,0.006095630956619766,False,0.2086213871524472
39,1.4693779312057987e-05,0.8309315764999443,0.794130329150132,0.8309315764999443,2,0.44970703125,8.68223414551327e-06,138,12,92,0,60,6,8,True,6.945787316410616e-05,8.68223414551327e-06,66,0.8309316117416881,0.7941301538804348,0.8309316117416881,0.8461980560413308,0.999999321444982,True,0.0032949696561559265,39:2,False,False,0.05,3,0.0001669585520957022,0.00016676448593551496,4096,12,0.0,8,True,0.04876504765295813,0.0081865879735938,0.006095630956619766,False,0.4172427743048944
39,1.4693779312057987e-05,0.8309315764999443,0.794130329150132,0.8309315764999443,2,0.44970703125,8.68223414551327e-06,138,12,92,0,60,6,8,True,0.00013891574632821232,8.68223414551327e-06,66,0.8309316117416881,0.7941301538804348,0.8309316117416881,0.8461980560413308,0.999999321444982,True,0.004659778127686276,39:2,False,False,0.05,3,0.0001669585520957022,0.00016676448593551496,4096,12,0.0,16,False,0.09753009530591626,0.0081865879735938,0.006095630956619766,False,0.8344855486097889
39,1.3520667366264884e-05,0.8187521059094937,0.7770014492283355,0.8187521059094937,2,0.44970703125,8.68223414551327e-06,138,12,92,0,60,6,8,True,3.217161767390297e-05,8.042904418475743e-06,66,0.8187521591015755,0.7770012127783266,0.8187521591015755,0.8405338832080304,0.9999999961187938,True,0.00017620910736442283,39:2,False,False,0.05,3,0.0013698053251465108,0.0013696225549092505,4096,12,0.01,4,True,0.024382523826479065,0.0081865879735938,0.006095630956619766,False,0.2086213871524472
39,1.3520667366264884e-05,0.8187521059094937,0.7770014492283355,0.8187521059094937,2,0.44970703125,8.68223414551327e-06,138,12,92,0,60,6,8,True,6.434323534780594e-05,8.042904418475743e-06,66,0.8187521591015755,0.7770012127783266,0.8187521591015755,0.8405338832080304,0.9999999961187938,True,0.0002491973076663449,39:2,False,False,0.05,3,0.0013698053251465108,0.0013696225549092505,4096,12,0.01,8,True,0.04876504765295813,0.0081865879735938,0.006095630956619766,False,0.4172427743048944
39,1.3520667366264884e-05,0.8187521059094937,0.7770014492283355,0.8187521059094937,2,0.44970703125,8.68223414551327e-06,138,12,92,0,60,6,8,True,0.0001286864706956119,8.042904418475743e-06,66,0.8187521591015755,0.7770012127783266,0.8187521591015755,0.8405338832080304,0.9999999961187938,True,0.00035241820669558113,39:2,False,False,0.05,3,0.0013698053251465108,0.0013696225549092505,4096,12,0.01,16,False,0.09753009530591626,0.0081865879735938,0.006095630956619766,False,0.8344855486097889
51,0.0,0.875,0.75,0.875,2,0.6337890625,0.0,150,0,92,0,66,0,11,True,0.0,0.0,66,0.875,0.75,0.875,0.0,1.0,True,0.0,51:2,False,False,0.05,0,0.0,0.0,4096,12,0.0,4,True,0.0,0.0,0.0,True,0.0
51,0.0,0.875,0.75,0.875,2,0.6337890625,0.0,150,0,92,0,66,0,11,True,0.0,0.0,66,0.875,0.75,0.875,0.0,1.0,True,0.0,51:2,False,False,0.05,0,0.0,0.0,4096,12,0.0,8,True,0.0,0.0,0.0,True,0.0
51,0.0,0.875,0.75,0.875,2,0.6337890625,0.0,150,0,92,0,66,0,11,True,0.0,0.0,66,0.875,0.75,0.875,0.0,1.0,True,0.0,51:2,False,False,0.05,0,0.0,0.0,4096,12,0.0,16,True,0.0,0.0,0.0,True,0.0
51,0.0,0.8747928300138906,0.7395422461029543,0.8747928300138906,2,0.6337890625,0.0,150,0,92,0,66,0,11,True,0.0,0.0,66,0.8747928300138906,0.7395422461029543,0.8747928300138906,0.0,1.0,True,0.0,51:2,False,False,0.05,0,0.0012351074218749998,0.0012351074218749998,4096,12,0.01,4,True,0.0,0.0,0.0,True,0.0
51,0.0,0.8747928300138906,0.7395422461029543,0.8747928300138906,2,0.6337890625,0.0,150,0,92,0,66,0,11,True,0.0,0.0,66,0.8747928300138906,0.7395422461029543,0.8747928300138906,0.0,1.0,True,0.0,51:2,False,False,0.05,0,0.0012351074218749998,0.0012351074218749998,4096,12,0.01,8,True,0.0,0.0,0.0,True,0.0
51,0.0,0.8747928300138906,0.7395422461029543,0.8747928300138906,2,0.6337890625,0.0,150,0,92,0,66,0,11,True,0.0,0.0,66,0.8747928300138906,0.7395422461029543,0.8747928300138906,0.0,1.0,True,0.0,51:2,False,False,0.05,0,0.0012351074218749998,0.0012351074218749998,4096,12,0.01,16,True,0.0,0.0,0.0,True,0.0
51,0.0,0.875,0.75,0.875,2,0.6337890625,0.0,148,2,92,0,65,1,10,True,0.0,0.0,66,0.875,0.75,0.875,0.0,1.0,True,0.0,51:2,False,False,0.05,1,0.0,0.0,4096,12,0.0,4,True,0.0,0.0,0.0,True,0.01227184630308513
51,0.0,0.875,0.75,0.875,2,0.6337890625,0.0,148,2,92,0,65,1,10,True,0.0,0.0,66,0.875,0.75,0.875,0.0,1.0,True,0.0,51:2,False,False,0.05,1,0.0,0.0,4096,12,0.0,8,True,0.0,0.0,0.0,True,0.02454369260617026
51,0.0,0.875,0.75,0.875,2,0.6337890625,0.0,148,2,92,0,65,1,10,True,0.0,0.0,66,0.875,0.75,0.875,0.0,1.0,True,0.0,51:2,False,False,0.05,1,0.0,0.0,4096,12,0.0,16,True,0.0,0.0,0.0,True,0.04908738521234052
51,0.0,0.8747928300138906,0.7395422461029543,0.8747928300138906,2,0.6337890625,0.0,148,2,92,0,65,1,10,True,0.0,0.0,66,0.8747928300138906,0.7395422461029543,0.8747928300138906,0.0,1.0,True,0.0,51:2,False,False,0.05,1,0.0012351074218749998,0.0012351074218749998,4096,12,0.01,4,True,0.0,0.0,0.0,True,0.01227184630308513
51,0.0,0.8747928300138906,0.7395422461029543,0.8747928300138906,2,0.6337890625,0.0,148,2,92,0,65,1,10,True,0.0,0.0,66,0.8747928300138906,0.7395422461029543,0.8747928300138906,0.0,1.0,True,0.0,51:2,False,False,0.05,1,0.0012351074218749998,0.0012351074218749998,4096,12,0.01,8,True,0.0,0.0,0.0,True,0.02454369260617026
51,0.0,0.8747928300138906,0.7395422461029543,0.8747928300138906,2,0.6337890625,0.0,148,2,92,0,65,1,10,True,0.0,0.0,66,0.8747928300138906,0.7395422461029543,0.8747928300138906,0.0,1.0,True,0.0,51:2,False,False,0.05,1,0.0012351074218749998,0.0012351074218749998,4096,12,0.01,16,True,0.0,0.0,0.0,True,0.04908738521234052
51,0.0,0.875,0.75,0.875,2,0.6337890625,0.0,144,6,92,0,63,3,9,True,0.0,0.0,66,0.875,0.75,0.875,0.0,1.0,True,0.0,51:2,False,False,0.05,2,0.0,0.0,4096,12,0.0,4,True,0.0,0.0,0.0,False,0.06135923151542565
51,0.0,0.875,0.75,0.875,2,0.6337890625,0.0,144,6,92,0,63,3,9,True,0.0,0.0,66,0.875,0.75,0.875,0.0,1.0,True,0.0,51:2,False,False,0.05,2,0.0,0.0,4096,12,0.0,8,True,0.0,0.0,0.0,False,0.1227184630308513
51,0.0,0.875,0.75,0.875,2,0.6337890625,0.0,144,6,92,0,63,3,9,True,0.0,0.0,66,0.875,0.75,0.875,0.0,1.0,True,0.0,51:2,False,False,0.05,2,0.0,0.0,4096,12,0.0,16,True,0.0,0.0,0.0,False,0.2454369260617026
51,0.0,0.8747928300138906,0.7395422461029543,0.8747928300138906,2,0.6337890625,0.0,144,6,92,0,63,3,9,True,0.0,0.0,66,0.8747928300138906,0.7395422461029543,0.8747928300138906,0.0,1.0,True,0.0,51:2,False,False,0.05,2,0.0012351074218749998,0.0012351074218749998,4096,12,0.01,4,True,0.0,0.0,0.0,False,0.06135923151542565
51,0.0,0.8747928300138906,0.7395422461029543,0.8747928300138906,2,0.6337890625,0.0,144,6,92,0,63,3,9,True,0.0,0.0,66,0.8747928300138906,0.7395422461029543,0.8747928300138906,0.0,1.0,True,0.0,51:2,False,False,0.05,2,0.0012351074218749998,0.0012351074218749998,4096,12,0.01,8,True,0.0,0.0,0.0,False,0.1227184630308513
51,0.0,0.8747928300138906,0.7395422461029543,0.8747928300138906,2,0.6337890625,0.0,144,6,92,0,63,3,9,True,0.0,0.0,66,0.8747928300138906,0.7395422461029543,0.8747928300138906,0.0,1.0,True,0.0,51:2,False,False,0.05,2,0.0012351074218749998,0.0012351074218749998,4096,12,0.01,16,True,0.0,0.0,0.0,False,0.2454369260617026
51,0.0,0.875,0.75,0.875,2,0.6337890625,0.0,138,12,92,0,60,6,8,True,0.0,0.0,66,0.875,0.75,0.875,0.0,1.0,True,0.0,51:2,False,False,0.05,3,0.0,0.0,4096,12,0.0,4,True,0.0,0.0,0.0,False,0.2086213871524472
51,0.0,0.875,0.75,0.875,2,0.6337890625,0.0,138,12,92,0,60,6,8,True,0.0,0.0,66,0.875,0.75,0.875,0.0,1.0,True,0.0,51:2,False,False,0.05,3,0.0,0.0,4096,12,0.0,8,True,0.0,0.0,0.0,False,0.4172427743048944
51,0.0,0.875,0.75,0.875,2,0.6337890625,0.0,138,12,92,0,60,6,8,True,0.0,0.0,66,0.875,0.75,0.875,0.0,1.0,True,0.0,51:2,False,False,0.05,3,0.0,0.0,4096,12,0.0,16,True,0.0,0.0,0.0,False,0.8344855486097889
51,0.0,0.8747928300138906,0.7395422461029543,0.8747928300138906,2,0.6337890625,0.0,138,12,92,0,60,6,8,True,0.0,0.0,66,0.8747928300138906,0.7395422461029543,0.8747928300138906,0.0,1.0,True,0.0,51:2,False,False,0.05,3,0.0012351074218749998,0.0012351074218749998,4096,12,0.01,4,True,0.0,0.0,0.0,False,0.2086213871524472
51,0.0,0.8747928300138906,0.7395422461029543,0.8747928300138906,2,0.6337890625,0.0,138,12,92,0,60,6,8,True,0.0,0.0,66,0.8747928300138906,0.7395422461029543,0.8747928300138906,0.0,1.0,True,0.0,51:2,False,False,0.05,3,0.0012351074218749998,0.0012351074218749998,4096,12,0.01,8,True,0.0,0.0,0.0,False,0.4172427743048944
51,0.0,0.8747928300138906,0.7395422461029543,0.8747928300138906,2,0.6337890625,0.0,138,12,92,0,60,6,8,True,0.0,0.0,66,0.8747928300138906,0.7395422461029543,0.8747928300138906,0.0,1.0,True,0.0,51:2,False,False,0.05,3,0.0012351074218749998,0.0012351074218749998,4096,12,0.01,16,True,0.0,0.0,0.0,False,0.8344855486097889
55,0.0,0.7919194030097714,0.8812796870593874,0.7919194030097714,2,0.67578125,0.0,150,0,92,0,66,0,11,True,0.0,0.0,66,0.7919194030097714,0.8812796870593874,0.7919194030097714,0.0,0.9999999999999999,True,2.9802322387695312e-08,55:2,False,False,0.05,0,0.00015673214158950198,0.00015673214158950198,4096,12,0.0,4,True,0.0,0.0,0.0,True,0.0
55,0.0,0.7919194030097714,0.8812796870593874,0.7919194030097714,2,0.67578125,0.0,150,0,92,0,66,0,11,True,0.0,0.0,66,0.7919194030097714,0.8812796870593874,0.7919194030097714,0.0,0.9999999999999999,True,4.2146848510894035e-08,55:2,False,False,0.05,0,0.00015673214158950198,0.00015673214158950198,4096,12,0.0,8,True,0.0,0.0,0.0,True,0.0
55,0.0,0.7919194030097714,0.8812796870593874,0.7919194030097714,2,0.67578125,0.0,150,0,92,0,66,0,11,True,0.0,0.0,66,0.7919194030097714,0.8812796870593874,0.7919194030097714,0.0,0.9999999999999999,True,5.960464477539063e-08,55:2,False,False,0.05,0,0.00015673214158950198,0.00015673214158950198,4096,12,0.0,16,True,0.0,0.0,0.0,True,0.0
55,0.0,0.7626881738973452,0.87190662663386,0.7626881738973452,2,0.67578125,0.0,150,0,92,0,66,0,11,True,0.0,0.0,66,0.7626881738973452,0.87190662663386,0.7626881738973452,0.0,1.0,True,0.0,55:2,False,False,0.05,0,0.0009902053142212932,0.0009902053142212932,4096,12,0.01,4,True,0.0,0.0,0.0,True,0.0
55,0.0,0.7626881738973452,0.87190662663386,0.7626881738973452,2,0.67578125,0.0,150,0,92,0,66,0,11,True,0.0,0.0,66,0.7626881738973452,0.87190662663386,0.7626881738973452,0.0,1.0,True,0.0,55:2,False,False,0.05,0,0.0009902053142212932,0.0009902053142212932,4096,12,0.01,8,True,0.0,0.0,0.0,True,0.0
55,0.0,0.7626881738973452,0.87190662663386,0.7626881738973452,2,0.67578125,0.0,150,0,92,0,66,0,11,True,0.0,0.0,66,0.7626881738973452,0.87190662663386,0.7626881738973452,0.0,1.0,True,0.0,55:2,False,False,0.05,0,0.0009902053142212932,0.0009902053142212932,4096,12,0.01,16,True,0.0,0.0,0.0,True,0.0
55,5.056180537155294e-17,0.7919194030097714,0.8812796870593875,0.7919194030097714,2,0.67578125,2.5665521818278927e-17,148,2,92,0,65,1,10,True,1.0266208727311571e-16,2.5665521818278927e-17,66,0.7919194030097714,0.8812796870593874,0.7919194030097714,0.9850141705582416,1.0,True,0.0,55:2,False,False,0.05,1,0.00015673214158950198,0.00015673214158950198,4096,12,0.0,4,True,0.002656932419452769,0.0007669903187427163,0.0006642331048631922,True,0.01227184630308513
55,5.056180537155294e-17,0.7919194030097714,0.8812796870593875,0.7919194030097714,2,0.67578125,2.5665521818278927e-17,148,2,92,0,65,1,10,True,2.0532417454623142e-16,2.5665521818278927e-17,66,0.7919194030097714,0.8812796870593874,0.7919194030097714,0.9850141705582416,1.0,True,0.0,55:2,False,False,0.05,1,0.00015673214158950198,0.00015673214158950198,4096,12,0.0,8,True,0.005313864838905538,0.0007669903187427163,0.0006642331048631922,True,0.02454369260617026
55,5.056180537155294e-17,0.7919194030097714,0.8812796870593875,0.7919194030097714,2,0.67578125,2.5665521818278927e-17,148,2,92,0,65,1,10,True,4.1064834909246284e-16,2.5665521818278927e-17,66,0.7919194030097714,0.8812796870593874,0.7919194030097714,0.9850141705582416,1.0,True,0.0,55:2,False,False,0.05,1,0.00015673214158950198,0.00015673214158950198,4096,12,0.0,16,True,0.010627729677811075,0.0007669903187427163,0.0006642331048631922,True,0.04908738521234052
55,7.653728830896774e-17,0.7626881738973452,0.8719066266338599,0.7626881738973452,2,0.67578125,2.5665521818278927e-17,148,2,92,0,65,1,10,True,1.8736432320736168e-16,4.684108080184042e-17,66,0.7626881738973452,0.87190662663386,0.7626881738973452,0.8169889229579917,1.0,True,0.0,55:2,False,False,0.05,1,0.0009902053142212932,0.0009902053142212932,4096,12,0.01,4,True,0.002656932419452769,0.0007669903187427163,0.0006642331048631922,True,0.01227184630308513
55,7.653728830896774e-17,0.7626881738973452,0.8719066266338599,0.7626881738973452,2,0.67578125,2.5665521818278927e-17,148,2,92,0,65,1,10,True,3.7472864641472335e-16,4.684108080184042e-17,66,0.7626881738973452,0.87190662663386,0.7626881738973452,0.8169889229579917,1.0,True,0.0,55:2,False,False,0.05,1,0.0009902053142212932,0.0009902053142212932,4096,12,0.01,8,True,0.005313864838905538,0.0007669903187427163,0.0006642331048631922,True,0.02454369260617026
55,7.653728830896774e-17,0.7626881738973452,0.8719066266338599,0.7626881738973452,2,0.67578125,2.5665521818278927e-17,148,2,92,0,65,1,10,True,7.494572928294467e-16,4.684108080184042e-17,66,0.7626881738973452,0.87190662663386,0.7626881738973452,0.8169889229579917,1.0,True,0.0,55:2,False,False,0.05,1,0.0009902053142212932,0.0009902053142212932,4096,12,0.01,16,True,0.010627729677811075,0.0007669903187427163,0.0006642331048631922,True,0.04908738521234052
55,9.918276709337066e-17,0.7919194030097714,0.8812796870593875,0.7919194030097714,2,0.67578125,3.4935185695233973e-17,144,6,92,0,63,3,9,True,2.3106783515389456e-16,5.776695878847364e-17,66,0.7919194030097714,0.8812796870593874,0.7919194030097714,0.8584731581296331,1.0,True,0.0,55:2,False,False,0.05,2,0.000156732141589502,0.00015673214158950198,4096,12,0.0,4,True,0.009075140860311196,0.0029705368867122875,0.002268785215077799,False,0.06135923151542565
55,9.918276709337066e-17,0.7919194030097714,0.8812796870593875,0.7919194030097714,2,0.67578125,3.4935185695233973e-17,144,6,92,0,63,3,9,True,4.621356703077891e-16,5.776695878847364e-17,66,0.7919194030097714,0.8812796870593874,0.7919194030097714,0.8584731581296331,1.0,True,0.0,55:2,False,False,0.05,2,0.000156732141589502,0.00015673214158950198,4096,12,0.0,8,True,0.018150281720622392,0.0029705368867122875,0.002268785215077799,False,0.1227184630308513
55,9.918276709337066e-17,0.7919194030097714,0.8812796870593875,0.7919194030097714,2,0.67578125,3.4935185695233973e-17,144,6,92,0,63,3,9,True,9.242713406155782e-16,5.776695878847364e-17,66,0.7919194030097714,0.8812796870593874,0.7919194030097714,0.8584731581296331,1.0,True,0.0,55:2,False,False,0.05,2,0.000156732141589502,0.00015673214158950198,4096,12,0.0,16,True,0.036300563441244785,0.0029705368867122875,0.002268785215077799,False,0.2454369260617026
55,1.22692484181769e-16,0.7626881738973452,0.8719066266338598,0.7626881738973452,2,0.67578125,3.4935185695233973e-17,144,6,92,0,63,3,9,True,2.8171786430085995e-16,7.042946607521499e-17,66,0.7626881738973452,0.87190662663386,0.7626881738973452,0.8710309123367471,1.0,True,0.0,55:2,False,False,0.05,2,0.0009902053142212932,0.0009902053142212932,4096,12,0.01,4,True,0.009075140860311196,0.0029705368867122875,0.002268785215077799,False,0.06135923151542565
55,1.22692484181769e-16,0.7626881738973452,0.8719066266338598,0.7626881738973452,2,0.67578125,3.4935185695233973e-17,144,6,92,0,63,3,9,True,5.634357286017199e-16,7.042946607521499e-17,66,0.7626881738973452,0.87190662663386,0.7626881738973452,0.8710309123367471,1.0,True,0.0,55:2,False,False,0.05,2,0.0009902053142212932,0.0009902053142212932,4096,12,0.01,8,True,0.018150281720622392,0.0029705368867122875,0.002268785215077799,False,0.1227184630308513
55,1.22692484181769e-16,0.7626881738973452,0.8719066266338598,0.7626881738973452,2,0.67578125,3.4935185695233973e-17,144,6,92,0,63,3,9,True,1.1268714572034398e-15,7.042946607521499e-17,66,0.7626881738973452,0.87190662663386,0.7626881738973452,0.8710309123367471,1.0,True,0.0,55:2,False,False,0.05,2,0.0009902053142212932,0.0009902053142212932,4096,12,0.01,16,True,0.036300563441244785,0.0029705368867122875,0.002268785215077799,False,0.2454369260617026
55,1.5611598856846108e-05,0.7919192423227588,0.8812797607572944,0.7919192423227588,2,0.67578125,8.40632388700654e-06,138,12,92,0,60,6,8,True,3.362529554826136e-05,8.40632388706534e-06,66,0.7919194030097714,0.8812796870593874,0.7919194030097714,0.9285627740841271,0.9999996846923396,True,0.0015882249524648427,55:2,False,False,0.05,3,0.00015684796981562115,0.00015673214158950198,4096,12,0.0,4,True,0.0244939019851041,0.00873678458790268,0.006123475496276025,False,0.2086213871524472
55,1.5611598856846108e-05,0.7919192423227588,0.8812797607572944,0.7919192423227588,2,0.67578125,8.40632388700654e-06,138,12,92,0,60,6,8,True,6.725059109652272e-05,8.40632388706534e-06,66,0.7919194030097714,0.8812796870593874,0.7919194030097714,0.9285627740841271,0.9999996846923396,True,0.002246087851482161,55:2,False,False,0.05,3,0.00015684796981562115,0.00015673214158950198,4096,12,0.0,8,True,0.0489878039702082,0.00873678458790268,0.006123475496276025,False,0.4172427743048944
55,1.5611598856846108e-05,0.7919192423227588,0.8812797607572944,0.7919192423227588,2,0.67578125,8.40632388700654e-06,138,12,92,0,60,6,8,True,0.00013450118219304543,8.40632388706534e-06,66,0.7919194030097714,0.8812796870593874,0.7919194030097714,0.9285627740841271,0.9999996846923396,True,0.0031764438956094904,55:2,False,False,0.05,3,0.00015684796981562115,0.00015673214158950198,4096,12,0.0,16,False,0.0979756079404164,0.00873678458790268,0.006123475496276025,False,0.8344855486097889
55,1.4411459908545868e-05,0.7626879475029053,0.8719067236061113,0.7626879475029053,2,0.67578125,8.40632388700654e-06,138,12,92,0,60,6,8,True,3.107261833124709e-05,7.768154582811772e-06,66,0.7626881738973452,0.87190662663386,0.7626881738973452,0.9275986822168436,0.9999999975662482,True,0.0001395349917921329,55:2,False,False,0.05,3,0.0009903133132333343,0.0009902053142212932,4096,12,0.01,4,True,0.0244939019851041,0.00873678458790268,0.006123475496276025,False,0.2086213871524472
55,1.4411459908545868e-05,0.7626879475029053,0.8719067236061113,0.7626879475029053,2,0.67578125,8.40632388700654e-06,138,12,92,0,60,6,8,True,6.214523666249418e-05,7.768154582811772e-06,66,0.7626881738973452,0.87190662663386,0.7626881738973452,0.9275986822168436,0.9999999975662482,True,0.0001973322766928208,55:2,False,False,0.05,3,0.0009903133132333343,0.0009902053142212932,4096,12,0.01,8,True,0.0489878039702082,0.00873678458790268,0.006123475496276025,False,0.4172427743048944
55,1.4411459908545868e-05,0.7626879475029053,0.8719067236061113,0.7626879475029053,2,0.67578125,8.40632388700654e-06,138,12,92,0,60,6,8,True,0.00012429047332498835,7.768154582811772e-06,66,0.7626881738973452,0.87190662663386,0.7626881738973452,0.9275986822168436,0.9999999975662482,True,0.0002790699792081401,55:2,False,False,0.05,3,0.0009903133132333343,0.0009902053142212932,4096,12,0.01,16,False,0.0979756079404164,0.00873678458790268,0.006123475496276025,False,0.8344855486097889
65,0.0,0.8327868867313393,0.7864968328210931,0.8327868867313393,3,0.3189697265625,0.0,203,0,108,0,91,0,13,True,0.0,0.0,91,0.8327868867313393,0.7864968328210931,0.8327868867313393,0.0,1.0,True,0.0,65:3,False,False,0.05,0,5.026281597696116e-05,5.026281597696116e-05,16384,14,0.0,4,True,0.0,0.0,0.0,True,0.0
65,0.0,0.8327868867313393,0.7864968328210931,0.8327868867313393,3,0.3189697265625,0.0,203,0,108,0,91,0,13,True,0.0,0.0,91,0.8327868867313393,0.7864968328210931,0.8327868867313393,0.0,1.0,True,0.0,65:3,False,False,0.05,0,5.026281597696116e-05,5.026281597696116e-05,16384,14,0.0,8,True,0.0,0.0,0.0,True,0.0
65,0.0,0.8327868867313393,0.7864968328210931,0.8327868867313393,3,0.3189697265625,0.0,203,0,108,0,91,0,13,True,0.0,0.0,91,0.8327868867313393,0.7864968328210931,0.8327868867313393,0.0,1.0,True,0.0,65:3,False,False,0.05,0,5.026281597696116e-05,5.026281597696116e-05,16384,14,0.0,16,True,0.0,0.0,0.0,True,0.0
65,0.0,0.8300815445159851,0.7550925720980792,0.8300815445159851,3,0.3189697265625,0.0,203,0,108,0,91,0,13,True,0.0,0.0,91,0.8300815445159851,0.7550925720980792,0.8300815445159851,0.0,1.0,True,0.0,65:3,False,False,0.05,0,0.001264904664549002,0.001264904664549002,16384,14,0.01,4,True,0.0,0.0,0.0,True,0.0
65,0.0,0.8300815445159851,0.7550925720980792,0.8300815445159851,3,0.3189697265625,0.0,203,0,108,0,91,0,13,True,0.0,0.0,91,0.8300815445159851,0.7550925720980792,0.8300815445159851,0.0,1.0,True,0.0,65:3,False,False,0.05,0,0.001264904664549002,0.001264904664549002,16384,14,0.01,8,True,0.0,0.0,0.0,True,0.0
65,0.0,0.8300815445159851,0.7550925720980792,0.8300815445159851,3,0.3189697265625,0.0,203,0,108,0,91,0,13,True,0.0,0.0,91,0.8300815445159851,0.7550925720980792,0.8300815445159851,0.0,1.0,True,0.0,65:3,False,False,0.05,0,0.001264904664549002,0.001264904664549002,16384,14,0.01,16,True,0.0,0.0,0.0,True,0.0
65,1.8868469537089842e-18,0.8327868867313393,0.7864968328210931,0.8327868867313393,3,0.3189697265625,1.6676573262722327e-18,201,2,108,0,90,1,12,True,6.670629305088931e-18,1.6676573262722327e-18,91,0.8327868867313393,0.7864968328210931,0.8327868867313393,0.565717825833774,1.0,True,0.0,65:3,False,False,0.05,1,5.026281597696116e-05,5.026281597696116e-05,16384,14,0.0,4,True,0.0006642331906078458,0.0001917475973107172,0.00016605829765196144,True,0.0030679615757712823
65,1.8868469537089842e-18,0.8327868867313393,0.7864968328210931,0.8327868867313393,3,0.3189697265625,1.6676573262722327e-18,201,2,108,0,90,1,12,True,1.3341258610177862e-17,1.6676573262722327e-18,91,0.8327868867313393,0.7864968328210931,0.8327868867313393,0.565717825833774,1.0,True,0.0,65:3,False,False,0.05,1,5.026281597696116e-05,5.026281597696116e-05,16384,14,0.0,8,True,0.0013284663812156915,0.0001917475973107172,0.00016605829765196144,True,0.006135923151542565
65,1.8868469537089842e-18,0.8327868867313393,0.7864968328210931,0.8327868867313393,3,0.3189697265625,1.6676573262722327e-18,201,2,108,0,90,1,12,True,2.6682517220355723e-17,1.6676573262722327e-18,91,0.8327868867313393,0.7864968328210931,0.8327868867313393,0.565717825833774,1.0,True,0.0,65:3,False,False,0.05,1,5.026281597696116e-05,5.026281597696116e-05,16384,14,0.0,16,True,0.002656932762431383,0.0001917475973107172,0.00016605829765196144,True,0.01227184630308513
65,2.011711521535089e-18,0.8300815445159851,0.7550925720980792,0.8300815445159851,3,0.3189697265625,1.6676573262722327e-18,201,2,108,0,90,1,12,True,6.625319659855726e-18,1.6563299149639316e-18,91,0.8300815445159851,0.7550925720980792,0.8300815445159851,0.6072798369939771,1.0,True,0.0,65:3,False,False,0.05,1,0.0012649046645490018,0.001264904664549002,16384,14,0.01,4,True,0.0006642331906078458,0.0001917475973107172,0.00016605829765196144,True,0.0030679615757712823
65,2.011711521535089e-18,0.8300815445159851,0.7550925720980792,0.8300815445159851,3,0.3189697265625,1.6676573262722327e-18,201,2,108,0,90,1,12,True,1.3250639319711452e-17,1.6563299149639316e-18,91,0.8300815445159851,0.7550925720980792,0.8300815445159851,0.6072798369939771,1.0,True,0.0,65:3,False,False,0.05,1,0.0012649046645490018,0.001264904664549002,16384,14,0.01,8,True,0.0013284663812156915,0.0001917475973107172,0.00016605829765196144,True,0.006135923151542565
65,2.011711521535089e-18,0.8300815445159851,0.7550925720980792,0.8300815445159851,3,0.3189697265625,1.6676573262722327e-18,201,2,108,0,90,1,12,True,2.6501278639422905e-17,1.6563299149639316e-18,91,0.8300815445159851,0.7550925720980792,0.8300815445159851,0.6072798369939771,1.0,True,0.0,65:3,False,False,0.05,1,0.0012649046645490018,0.001264904664549002,16384,14,0.01,16,True,0.002656932762431383,0.0001917475973107172,0.00016605829765196144,True,0.01227184630308513
65,1.3424374710743925e-16,0.8327868867313393,0.7864968328210933,0.8327868867313393,3,0.3189697265625,2.4907908749602834e-17,197,6,108,0,88,3,11,True,3.5072658480828856e-16,8.768164620207214e-17,91,0.8327868867313393,0.7864968328210931,0.8327868867313393,0.7655179443030732,1.0,True,0.0,65:3,False,False,0.05,2,5.026281597696116e-05,5.026281597696116e-05,16384,14,0.0,4,True,0.0022929675757789605,0.0007174537526373975,0.0005732418939447401,True,0.015339807878856412
65,1.3424374710743925e-16,0.8327868867313393,0.7864968328210933,0.8327868867313393,3,0.3189697265625,2.4907908749602834e-17,197,6,108,0,88,3,11,True,7.014531696165771e-16,8.768164620207214e-17,91,0.8327868867313393,0.7864968328210931,0.8327868867313393,0.7655179443030732,1.0,True,0.0,65:3,False,False,0.05,2,5.026281597696116e-05,5.026281597696116e-05,16384,14,0.0,8,True,0.004585935151557921,0.0007174537526373975,0.0005732418939447401,True,0.030679615757712823
65,1.3424374710743925e-16,0.8327868867313393,0.7864968328210933,0.8327868867313393,3,0.3189697265625,2.4907908749602834e-17,197,6,108,0,88,3,11,True,1.4029063392331543e-15,8.768164620207214e-17,91,0.8327868867313393,0.7864968328210931,0.8327868867313393,0.7655179443030732,1.0,True,0.0,65:3,False,False,0.05,2,5.026281597696116e-05,5.026281597696116e-05,16384,14,0.0,16,True,0.009171870303115842,0.0007174537526373975,0.0005732418939447401,False,0.06135923151542565
65,3.153440466028961e-17,0.830081544515985,0.7550925720980792,0.830081544515985,3,0.3189697265625,2.4907908749602834e-17,197,6,108,0,88,3,11,True,7.722491362601572e-17,1.930622840650393e-17,91,0.8300815445159851,0.7550925720980792,0.8300815445159851,0.8166899302213326,1.0,True,0.0,65:3,False,False,0.05,2,0.0012649046645490018,0.001264904664549002,16384,14,0.01,4,True,0.0022929675757789605,0.0007174537526373975,0.0005732418939447401,True,0.015339807878856412
65,3.153440466028961e-17,0.830081544515985,0.7550925720980792,0.830081544515985,3,0.3189697265625,2.4907908749602834e-17,197,6,108,0,88,3,11,True,1.5444982725203144e-16,1.930622840650393e-17,91,0.8300815445159851,0.7550925720980792,0.8300815445159851,0.8166899302213326,1.0,True,0.0,65:3,False,False,0.05,2,0.0012649046645490018,0.001264904664549002,16384,14,0.01,8,True,0.004585935151557921,0.0007174537526373975,0.0005732418939447401,True,0.030679615757712823
65,3.153440466028961e-17,0.830081544515985,0.7550925720980792,0.830081544515985,3,0.3189697265625,2.4907908749602834e-17,197,6,108,0,88,3,11,True,3.088996545040629e-16,1.930622840650393e-17,91,0.8300815445159851,0.7550925720980792,0.8300815445159851,0.8166899302213326,1.0,True,0.0,65:3,False,False,0.05,2,0.0012649046645490018,0.001264904664549002,16384,14,0.01,16,True,0.009171870303115842,0.0007174537526373975,0.0005732418939447401,False,0.06135923151542565
65,8.882672426609922e-07,0.8327868862210779,0.7864968356560003,0.8327868862210779,3,0.3189697265625,6.253784970195182e-07,191,12,108,0,85,6,10,True,2.5015139880780727e-06,6.253784970195182e-07,91,0.8327868867313393,0.7864968328210931,0.8327868867313393,0.7101837102605634,0.9999999575512473,True,0.0005827434868588651,65:3,False,False,0.05,3,5.027503500829032e-05,5.026281597696116e-05,16384,14,0.0,4,True,0.006095679512691524,0.0020466646879469135,0.001523919878172881,False,0.0521553467881118
65,8.882672426609922e-07,0.8327868862210779,0.7864968356560003,0.8327868862210779,3,0.3189697265625,6.253784970195182e-07,191,12,108,0,85,6,10,True,5.0030279761561455e-06,6.253784970195182e-07,91,0.8327868867313393,0.7864968328210931,0.8327868867313393,0.7101837102605634,0.9999999575512473,True,0.0008241236724482935,65:3,False,False,0.05,3,5.027503500829032e-05,5.026281597696116e-05,16384,14,0.0,8,True,0.012191359025383049,0.0020466646879469135,0.001523919878172881,False,0.1043106935762236
65,8.882672426609922e-07,0.8327868862210779,0.7864968356560003,0.8327868862210779,3,0.3189697265625,6.253784970195182e-07,191,12,108,0,85,6,10,True,1.0006055952312291e-05,6.253784970195182e-07,91,0.8327868867313393,0.7864968328210931,0.8327868867313393,0.7101837102605634,0.9999999575512473,True,0.0011654866767975855,65:3,False,False,0.05,3,5.027503500829032e-05,5.026281597696116e-05,16384,14,0.0,16,True,0.024382718050766097,0.0020466646879469135,0.001523919878172881,False,0.2086213871524472
65,8.093499514453884e-07,0.8300815413631628,0.7550925781319325,0.8300815413631628,3,0.3189697265625,6.253784970195182e-07,191,12,108,0,85,6,10,True,2.3041482320669827e-06,5.760370580167457e-07,91,0.8300815445159851,0.7550925720980792,0.8300815445159851,0.70251552411569,0.99999999994772,True,2.0450908662529157e-05,65:3,False,False,0.05,3,0.0012649161698567463,0.001264904664549002,16384,14,0.01,4,True,0.006095679512691524,0.0020466646879469135,0.001523919878172881,False,0.0521553467881118
65,8.093499514453884e-07,0.8300815413631628,0.7550925781319325,0.8300815413631628,3,0.3189697265625,6.253784970195182e-07,191,12,108,0,85,6,10,True,4.608296464133965e-06,5.760370580167457e-07,91,0.8300815445159851,0.7550925720980792,0.8300815445159851,0.70251552411569,0.99999999994772,True,2.892195239340215e-05,65:3,False,False,0.05,3,0.0012649161698567463,0.001264904664549002,16384,14,0.01,8,True,0.012191359025383049,0.0020466646879469135,0.001523919878172881,False,0.1043106935762236
65,8.093499514453884e-07,0.8300815413631628,0.7550925781319325,0.8300815413631628,3,0.3189697265625,6.253784970195182e-07,191,12,108,0,85,6,10,True,9.21659292826793e-06,5.760370580167457e-07,91,0.8300815445159851,0.7550925720980792,0.8300815445159851,0.70251552411569,0.99999999994772,True,4.0901817325058314e-05,65:3,False,False,0.05,3,0.0012649161698567463,0.001264904664549002,16384,14,0.01,16,True,0.024382718050766097,0.0020466646879469135,0.001523919878172881,False,0.2086213871524472
77,0.0,0.7995403840063401,0.7535839501676764,0.7995403840063401,8,0.438232421875,0.0,203,0,108,0,91,0,13,True,0.0,0.0,91,0.7995403840063401,0.7535839501676764,0.7995403840063401,0.0,1.0,True,0.0,77:8,False,False,0.05,0,5.204627161200842e-05,5.204627161200842e-05,16384,14,0.0,4,True,0.0,0.0,0.0,True,0.0
77,0.0,0.7995403840063401,0.7535839501676764,0.7995403840063401,8,0.438232421875,0.0,203,0,108,0,91,0,13,True,0.0,0.0,91,0.7995403840063401,0.7535839501676764,0.7995403840063401,0.0,1.0,True,0.0,77:8,False,False,0.05,0,5.204627161200842e-05,5.204627161200842e-05,16384,14,0.0,8,True,0.0,0.0,0.0,True,0.0
77,0.0,0.7995403840063401,0.7535839501676764,0.7995403840063401,8,0.438232421875,0.0,203,0,108,0,91,0,13,True,0.0,0.0,91,0.7995403840063401,0.7535839501676764,0.7995403840063401,0.0,1.0,True,0.0,77:8,False,False,0.05,0,5.204627161200842e-05,5.204627161200842e-05,16384,14,0.0,16,True,0.0,0.0,0.0,True,0.0
77,0.0,0.7808176906693116,0.729680189449151,0.7808176906693116,8,0.438232421875,0.0,203,0,108,0,91,0,13,True,0.0,0.0,91,0.7808176906693116,0.729680189449151,0.7808176906693116,0.0,1.0,True,0.0,77:8,False,False,0.05,0,0.0017469499000706073,0.0017469499000706073,16384,14,0.01,4,True,0.0,0.0,0.0,True,0.0
77,0.0,0.7808176906693116,0.729680189449151,0.7808176906693116,8,0.438232421875,0.0,203,0,108,0,91,0,13,True,0.0,0.0,91,0.7808176906693116,0.729680189449151,0.7808176906693116,0.0,1.0,True,0.0,77:8,False,False,0.05,0,0.0017469499000706073,0.0017469499000706073,16384,14,0.01,8,True,0.0,0.0,0.0,True,0.0
77,0.0,0.7808176906693116,0.729680189449151,0.7808176906693116,8,0.438232421875,0.0,203,0,108,0,91,0,13,True,0.0,0.0,91,0.7808176906693116,0.729680189449151,0.7808176906693116,0.0,1.0,True,0.0,77:8,False,False,0.05,0,0.0017469499000706073,0.0017469499000706073,16384,14,0.01,16,True,0.0,0.0,0.0,True,0.0
77,1.1591212605970245e-16,0.7995403840063402,0.7535839501676765,0.7995403840063402,8,0.438232421875,3.2011424830297916e-17,201,2,108,0,90,1,12,True,2.998793558032905e-16,7.496983895082263e-17,91,0.7995403840063401,0.7535839501676764,0.7995403840063401,0.7730583904264248,1.0,True,0.0,77:8,False,False,0.05,1,5.2046271612008434e-05,5.204627161200842e-05,16384,14,0.0,4,True,0.0006642331852592517,0.0001917475973107002,0.00016605829631481293,True,0.0030679615757712823
77,1.1591212605970245e-16,0.7995403840063402,0.7535839501676765,0.7995403840063402,8,0.438232421875,3.2011424830297916e-17,201,2,108,0,90,1,12,True,5.99758711606581e-16,7.496983895082263e-17,91,0.7995403840063401,0.7535839501676764,0.7995403840063401,0.7730583904264248,1.0,True,0.0,77:8,False,False,0.05,1,5.2046271612008434e-05,5.204627161200842e-05,16384,14,0.0,8,True,0.0013284663705185034,0.0001917475973107002,0.00016605829631481293,True,0.006135923151542565
77,1.1591212605970245e-16,0.7995403840063402,0.7535839501676765,0.7995403840063402,8,0.438232421875,3.2011424830297916e-17,201,2,108,0,90,1,12,True,1.199517423213162e-15,7.496983895082263e-17,91,0.7995403840063401,0.7535839501676764,0.7995403840063401,0.7730583904264248,1.0,True,0.0,77:8,False,False,0.05,1,5.2046271612008434e-05,5.204627161200842e-05,16384,14,0.0,16,True,0.002656932741037007,0.0001917475973107002,0.00016605829631481293,True,0.01227184630308513
77,1.1867593666395035e-16,0.7808176906693114,0.7296801894491508,0.7808176906693114,8,0.438232421875,3.2011424830297916e-17,201,2,108,0,90,1,12,True,3.2454807866132875e-16,8.113701966533219e-17,91,0.7808176906693116,0.729680189449151,0.7808176906693116,0.7313303911916893,1.0,True,0.0,77:8,False,False,0.05,1,0.0017469499000706073,0.0017469499000706073,16384,14,0.01,4,True,0.0006642331852592517,0.0001917475973107002,0.00016605829631481293,True,0.0030679615757712823
77,1.1867593666395035e-16,0.7808176906693114,0.7296801894491508,0.7808176906693114,8,0.438232421875,3.2011424830297916e-17,201,2,108,0,90,1,12,True,6.490961573226575e-16,8.113701966533219e-17,91,0.7808176906693116,0.729680189449151,0.7808176906693116,0.7313303911916893,1.0,True,0.0,77:8,False,False,0.05,1,0.0017469499000706073,0.0017469499000706073,16384,14,0.01,8,True,0.0013284663705185034,0.0001917475973107002,0.00016605829631481293,True,0.006135923151542565
77,1.1867593666395035e-16,0.7808176906693114,0.7296801894491508,0.7808176906693114,8,0.438232421875,3.2011424830297916e-17,201,2,108,0,90,1,12,True,1.298192314645315e-15,8.113701966533219e-17,91,0.7808176906693116,0.729680189449151,0.7808176906693116,0.7313303911916893,1.0,True,0.0,77:8,False,False,0.05,1,0.0017469499000706073,0.0017469499000706073,16384,14,0.01,16,True,0.002656932741037007,0.0001917475973107002,0.00016605829631481293,True,0.01227184630308513
77,2.434959323377739e-07,0.7995403837921583,0.7535839508601091,0.7995403837921583,8,0.438232421875,1.622780650629361e-07,197,6,108,0,88,3,11,True,6.491122602517444e-07,1.622780650629361e-07,91,0.7995403840063401,0.7535839501676764,0.7995403840063401,0.7502429001829027,0.9999999952657501,True,0.00019461243121125194,77:8,False,False,0.05,2,5.20499401383278e-05,5.204627161200842e-05,16384,14,0.0,4,True,0.002268788016415833,0.0007426351909895775,0.0005671970041039582,True,0.015339807878856412
77,2.434959323377739e-07,0.7995403837921583,0.7535839508601091,0.7995403837921583,8,0.438232421875,1.622780650629361e-07,197,6,108,0,88,3,11,True,1.2982245205034888e-06,1.622780650629361e-07,91,0.7995403840063401,0.7535839501676764,0.7995403840063401,0.7502429001829027,0.9999999952657501,True,0.00027522353720501615,77:8,False,False,0.05,2,5.20499401383278e-05,5.204627161200842e-05,16384,14,0.0,8,True,0.004537576032831666,0.0007426351909895775,0.0005671970041039582,True,0.030679615757712823
77,2.434959323377739e-07,0.7995403837921583,0.7535839508601091,0.7995403837921583,8,0.438232421875,1.622780650629361e-07,197,6,108,0,88,3,11,True,2.5964490410069776e-06,1.622780650629361e-07,91,0.7995403840063401,0.7535839501676764,0.7995403840063401,0.7502429001829027,0.9999999952657501,True,0.000389224851583403,77:8,False,False,0.05,2,5.20499401383278e-05,5.204627161200842e-05,16384,14,0.0,16,True,0.009075152065663332,0.0007426351909895775,0.0005671970041039582,False,0.06135923151542565
77,2.2346390880163024e-07,0.7808176894414822,0.7296801910893745,0.7808176894414822,8,0.438232421875,1.622780650629361e-07,197,6,108,0,88,3,11,True,5.970764450612467e-07,1.4926911126531167e-07,91,0.7808176906693116,0.729680189449151,0.7808176906693116,0.7485269621671571,0.9999999999968223,True,5.0419681403849615e-06,77:8,False,False,0.05,2,0.0017469533195170993,0.0017469499000706073,16384,14,0.01,4,True,0.002268788016415833,0.0007426351909895775,0.0005671970041039582,True,0.015339807878856412
77,2.2346390880163024e-07,0.7808176894414822,0.7296801910893745,0.7808176894414822,8,0.438232421875,1.622780650629361e-07,197,6,108,0,88,3,11,True,1.1941528901224934e-06,1.4926911126531167e-07,91,0.7808176906693116,0.729680189449151,0.7808176906693116,0.7485269621671571,0.9999999999968223,True,7.130419725185465e-06,77:8,False,False,0.05,2,0.0017469533195170993,0.0017469499000706073,16384,14,0.01,8,True,0.004537576032831666,0.0007426351909895775,0.0005671970041039582,True,0.030679615757712823
77,2.2346390880163024e-07,0.7808176894414822,0.7296801910893745,0.7808176894414822,8,0.438232421875,1.622780650629361e-07,197,6,108,0,88,3,11,True,2.3883057802449868e-06,1.4926911126531167e-07,91,0.7808176906693116,0.729680189449151,0.7808176906693116,0.7485269621671571,0.9999999999968223,True,1.0083936280769923e-05,77:8,False,False,0.05,2,0.0017469533195170993,0.0017469499000706073,16384,14,0.01,16,True,0.009075152065663332,0.0007426351909895775,0.0005671970041039582,False,0.06135923151542565
77,2.196468349703413e-06,0.7995403788498492,0.7535839669344364,0.7995403788498492,8,0.438232421875,1.342305437777973e-06,191,12,108,0,85,6,10,True,5.3692217508547025e-06,1.3423054377136756e-06,91,0.7995403840063401,0.7535839501676764,0.7995403840063401,0.8181701004819802,0.9999998917011876,True,0.0009308008221393443,77:8,False,False,0.05,3,5.207928594132551e-05,5.204627161200842e-05,16384,14,0.0,4,True,0.006123526764148476,0.0021842164028835313,0.001530881691037119,False,0.0521553467881118
77,2.196468349703413e-06,0.7995403788498492,0.7535839669344364,0.7995403788498492,8,0.438232421875,1.342305437777973e-06,191,12,108,0,85,6,10,True,1.0738443501709405e-05,1.3423054377136756e-06,91,0.7995403840063401,0.7535839501676764,0.7995403840063401,0.8181701004819802,0.9999998917011876,True,0.001316350861422885,77:8,False,False,0.05,3,5.207928594132551e-05,5.204627161200842e-05,16384,14,0.0,8,True,0.012247053528296952,0.0021842164028835313,0.001530881691037119,False,0.1043106935762236
77,2.196468349703413e-06,0.7995403788498492,0.7535839669344364,0.7995403788498492,8,0.438232421875,1.342305437777973e-06,191,12,108,0,85,6,10,True,2.147688700341881e-05,1.3423054377136756e-06,91,0.7995403840063401,0.7535839501676764,0.7995403840063401,0.8181701004819802,0.9999998917011876,True,0.0018616004346396129,77:8,False,False,0.05,3,5.207928594132551e-05,5.204627161200842e-05,16384,14,0.0,16,True,0.024494107056593904,0.0021842164028835313,0.001530881691037119,False,0.2086213871524472
77,2.0078421378471095e-06,0.7808176723743808,0.7296802194899117,0.7808176723743808,8,0.438232421875,1.342305437777973e-06,191,12,108,0,85,6,10,True,4.959436655921773e-06,1.2398591639804431e-06,91,0.7808176906693116,0.729680189449151,0.7808176906693116,0.809705729560902,0.9999999997289529,True,4.656583070659637e-05,77:8,False,False,0.05,3,0.0017469806728315216,0.0017469499000706073,16384,14,0.01,4,True,0.006123526764148476,0.0021842164028835313,0.001530881691037119,False,0.0521553467881118
77,2.0078421378471095e-06,0.7808176723743808,0.7296802194899117,0.7808176723743808,8,0.438232421875,1.342305437777973e-06,191,12,108,0,85,6,10,True,9.918873311843545e-06,1.2398591639804431e-06,91,0.7808176906693116,0.729680189449151,0.7808176906693116,0.809705729560902,0.9999999997289529,True,6.585402932843811e-05,77:8,False,False,0.05,3,0.0017469806728315216,0.0017469499000706073,16384,14,0.01,8,True,0.012247053528296952,0.0021842164028835313,0.001530881691037119,False,0.1043106935762236
77,2.0078421378471095e-06,0.7808176723743808,0.7296802194899117,0.7808176723743808,8,0.438232421875,1.342305437777973e-06,191,12,108,0,85,6,10,True,1.983774662368709e-05,1.2398591639804431e-06,91,0.7808176906693116,0.729680189449151,0.7808176906693116,0.809705729560902,0.9999999997289529,True,9.313166141319274e-05,77:8,False,False,0.05,3,0.0017469806728315216,0.0017469499000706073,16384,14,0.01,16,True,0.024494107056593904,0.0021842164028835313,0.001530881691037119,False,0.2086213871524472
91,0.0,0.0,0.6183297721783134,0.6666649768809465,9,0.5615234375,0.0,203,0,108,0,91,0,13,True,0.0,0.0,91,0.0,0.6183297721783134,0.6666649768809465,0.0,1.0,True,0.0,91:9,False,False,0.05,0,5.8835532213712196e-05,5.8835532213712196e-05,16384,14,0.0,4,True,0.0,0.0,0.0,True,0.0
91,0.0,0.0,0.6183297721783134,0.6666649768809465,9,0.5615234375,0.0,203,0,108,0,91,0,13,True,0.0,0.0,91,0.0,0.6183297721783134,0.6666649768809465,0.0,1.0,True,0.0,91:9,False,False,0.05,0,5.8835532213712196e-05,5.8835532213712196e-05,16384,14,0.0,8,True,0.0,0.0,0.0,True,0.0
91,0.0,0.0,0.6183297721783134,0.6666649768809465,9,0.5615234375,0.0,203,0,108,0,91,0,13,True,0.0,0.0,91,0.0,0.6183297721783134,0.6666649768809465,0.0,1.0,True,0.0,91:9,False,False,0.05,0,5.8835532213712196e-05,5.8835532213712196e-05,16384,14,0.0,16,True,0.0,0.0,0.0,True,0.0
91,0.0,0.0,0.6128557227813625,0.6801648168113315,9,0.5615234375,0.0,203,0,108,0,91,0,13,True,0.0,0.0,91,0.0,0.6128557227813625,0.6801648168113315,0.0,1.0,True,0.0,91:9,False,False,0.05,0,0.0049326896876536585,0.0049326896876536585,16384,14,0.01,4,True,0.0,0.0,0.0,True,0.0
91,0.0,0.0,0.6128557227813625,0.6801648168113315,9,0.5615234375,0.0,203,0,108,0,91,0,13,True,0.0,0.0,91,0.0,0.6128557227813625,0.6801648168113315,0.0,1.0,True,0.0,91:9,False,False,0.05,0,0.0049326896876536585,0.0049326896876536585,16384,14,0.01,8,True,0.0,0.0,0.0,True,0.0
91,0.0,0.0,0.6128557227813625,0.6801648168113315,9,0.5615234375,0.0,203,0,108,0,91,0,13,True,0.0,0.0,91,0.0,0.6128557227813625,0.6801648168113315,0.0,1.0,True,0.0,91:9,False,False,0.05,0,0.0049326896876536585,0.0049326896876536585,16384,14,0.01,16,True,0.0,0.0,0.0,True,0.0
91,6.166937676719637e-08,0.0,0.6183297722112877,0.6666649768808832,9,0.5615234375,4.4252170888124513e-08,201,2,108,0,90,1,12,True,1.7700868355249805e-07,4.4252170888124513e-08,91,0.0,0.6183297721783134,0.6666649768809465,0.6967949315199125,0.9999999973463429,True,0.00014570262987619455,91:9,False,False,0.05,1,5.8838593534395794e-05,5.8835532213712196e-05,16384,14,0.0,4,True,0.000664233244093784,0.0001917475973107001,0.000166058311023446,True,0.0030679615757712823
91,6.166937676719637e-08,0.0,0.6183297722112877,0.6666649768808832,9,0.5615234375,4.4252170888124513e-08,201,2,108,0,90,1,12,True,3.540173671049961e-07,4.4252170888124513e-08,91,0.0,0.6183297721783134,0.6666649768809465,0.6967949315199125,0.9999999973463429,True,0.00020605463416674101,91:9,False,False,0.05,1,5.8838593534395794e-05,5.8835532213712196e-05,16384,14,0.0,8,True,0.001328466488187568,0.0001917475973107001,0.000166058311023446,True,0.006135923151542565
91,6.166937676719637e-08,0.0,0.6183297722112877,0.6666649768808832,9,0.5615234375,4.4252170888124513e-08,201,2,108,0,90,1,12,True,7.080347342099922e-07,4.4252170888124513e-08,91,0.0,0.6183297721783134,0.6666649768809465,0.6967949315199125,0.9999999973463429,True,0.0002914052553710115,91:9,False,False,0.05,1,5.8838593534395794e-05,5.8835532213712196e-05,16384,14,0.0,16,True,0.002656932976375136,0.0001917475973107001,0.000166058311023446,True,0.01227184630308513
91,5.683418475193624e-08,0.0,0.6128557228164544,0.6801648168096386,9,0.5615234375,4.4252170888124513e-08,201,2,108,0,90,1,12,True,1.6242738072745024e-07,4.060684518186256e-08,91,0.0,0.6128557227813625,0.6801648168113315,0.6998103952350597,0.9999999999992208,True,2.496644978657454e-06,91:9,False,False,0.05,1,0.004932692569934737,0.0049326896876536585,16384,14,0.01,4,True,0.000664233244093784,0.0001917475973107001,0.000166058311023446,True,0.0030679615757712823
91,5.683418475193624e-08,0.0,0.6128557228164544,0.6801648168096386,9,0.5615234375,4.4252170888124513e-08,201,2,108,0,90,1,12,True,3.248547614549005e-07,4.060684518186256e-08,91,0.0,0.6128557227813625,0.6801648168113315,0.6998103952350597,0.9999999999992208,True,3.530789189248058e-06,91:9,False,False,0.05,1,0.004932692569934737,0.0049326896876536585,16384,14,0.01,8,True,0.001328466488187568,0.0001917475973107001,0.000166058311023446,True,0.006135923151542565
91,5.683418475193624e-08,0.0,0.6128557228164544,0.6801648168096386,9,0.5615234375,4.4252170888124513e-08,201,2,108,0,90,1,12,True,6.49709522909801e-07,4.060684518186256e-08,91,0.0,0.6128557227813625,0.6801648168113315,0.6998103952350597,0.9999999999992208,True,4.993289957314908e-06,91:9,False,False,0.05,1,0.004932692569934737,0.0049326896876536585,16384,14,0.01,16,True,0.002656932976375136,0.0001917475973107001,0.000166058311023446,True,0.01227184630308513
91,4.963583889770108e-07,0.0,0.6183297730903862,0.6666649768811168,9,0.5615234375,3.3560678850755174e-07,197,6,108,0,88,3,11,True,1.342427154030207e-06,3.3560678850755174e-07,91,0.0,0.6183297721783134,0.6666649768809465,0.7394939643270088,0.9999999644361761,True,0.0005333953090067053,91:9,False,False,0.05,2,5.885807361125503e-05,5.8835532213712196e-05,16384,14,0.0,4,True,0.0022929676083162658,0.0007174537526374252,0.0005732419020790664,True,0.015339807878856412
91,4.963583889770108e-07,0.0,0.6183297730903862,0.6666649768811168,9,0.5615234375,3.3560678850755174e-07,197,6,108,0,88,3,11,True,2.684854308060414e-06,3.3560678850755174e-07,91,0.0,0.6183297721783134,0.6666649768809465,0.7394939643270088,0.9999999644361761,True,0.0007543348264566994,91:9,False,False,0.05,2,5.885807361125503e-05,5.8835532213712196e-05,16384,14,0.0,8,True,0.0045859352166325315,0.0007174537526374252,0.0005732419020790664,True,0.030679615757712823
91,4.963583889770108e-07,0.0,0.6183297730903862,0.6666649768811168,9,0.5615234375,3.3560678850755174e-07,197,6,108,0,88,3,11,True,5.369708616120828e-06,3.3560678850755174e-07,91,0.0,0.6183297721783134,0.6666649768809465,0.7394939643270088,0.9999999644361761,True,0.0010667903903573848,91:9,False,False,0.05,2,5.885807361125503e-05,5.8835532213712196e-05,16384,14,0.0,16,True,0.009171870433265063,0.0007174537526374252,0.0005732419020790664,False,0.06135923151542565
91,4.5727711575690096e-07,0.0,0.6128557243773398,0.6801648167760015,9,0.5615234375,3.3560678850755174e-07,197,6,108,0,88,3,11,True,1.23094550416237e-06,3.077363760405925e-07,91,0.0,0.6128557227813625,0.6801648168113315,0.7429689035146483,0.9999999999667446,True,1.631083037371599e-05,91:9,False,False,0.05,2,0.00493271091088104,0.0049326896876536585,16384,14,0.01,4,True,0.0022929676083162658,0.0007174537526374252,0.0005732419020790664,True,0.015339807878856412
91,4.5727711575690096e-07,0.0,0.6128557243773398,0.6801648167760015,9,0.5615234375,3.3560678850755174e-07,197,6,108,0,88,3,11,True,2.46189100832474e-06,3.077363760405925e-07,91,0.0,0.6128557227813625,0.6801648168113315,0.7429689035146483,0.9999999999667446,True,2.3066997528076172e-05,91:9,False,False,0.05,2,0.00493271091088104,0.0049326896876536585,16384,14,0.01,8,True,0.0045859352166325315,0.0007174537526374252,0.0005732419020790664,True,0.030679615757712823
91,4.5727711575690096e-07,0.0,0.6128557243773398,0.6801648167760015,9,0.5615234375,3.3560678850755174e-07,197,6,108,0,88,3,11,True,4.92378201664948e-06,3.077363760405925e-07,91,0.0,0.6128557227813625,0.6801648168113315,0.7429689035146483,0.9999999999667446,True,3.262166074743198e-05,91:9,False,False,0.05,2,0.00493271091088104,0.0049326896876536585,16384,14,0.01,16,True,0.009171870433265063,0.0007174537526374252,0.0005732419020790664,False,0.06135923151542565
91,2.9122980540966685e-06,0.0,0.6183297823849337,0.6666649768731904,9,0.5615234375,1.8446374865945133e-06,191,12,108,0,85,6,10,True,7.378549946345992e-06,1.844637486586498e-06,91,0.0,0.6183297721783134,0.6666649768809465,0.7893957688905793,0.9999996947772387,True,0.0015626194296219753,91:9,False,False,0.05,3,5.8972194338765136e-05,5.8835532213712196e-05,16384,14,0.0,4,True,0.006095679513565762,0.002046664687946929,0.0015239198783914404,False,0.0521553467881118
91,2.9122980540966685e-06,0.0,0.6183297823849337,0.6666649768731904,9,0.5615234375,1.8446374865945133e-06,191,12,108,0,85,6,10,True,1.4757099892691984e-05,1.844637486586498e-06,91,0.0,0.6183297721783134,0.6666649768809465,0.7893957688905793,0.9999996947772387,True,0.0022098762411778814,91:9,False,False,0.05,3,5.8972194338765136e-05,5.8835532213712196e-05,16384,14,0.0,8,True,0.012191359027131523,0.002046664687946929,0.0015239198783914404,False,0.1043106935762236
91,2.9122980540966685e-06,0.0,0.6183297823849337,0.6666649768731904,9,0.5615234375,1.8446374865945133e-06,191,12,108,0,85,6,10,True,2.9514199785383968e-05,1.844637486586498e-06,91,0.0,0.6183297721783134,0.6666649768809465,0.7893957688905793,0.9999996947772387,True,0.0031252331358636405,91:9,False,False,0.05,3,5.8972194338765136e-05,5.8835532213712196e-05,16384,14,0.0,16,True,0.024382718054263047,0.002046664687946929,0.0015239198783914404,False,0.2086213871524472
91,2.6638285906854186e-06,0.0,0.6128557414634348,0.6801648163921172,9,0.5615234375,1.8446374865945133e-06,191,12,108,0,85,6,10,True,6.755855264597593e-06,1.6889638161493983e-06,91,0.0,0.6128557227813625,0.6801648168113315,0.7885984783139333,0.9999999991416273,True,8.286725318229021e-05,91:9,False,False,0.05,3,0.004932818480658073,0.0049326896876536585,16384,14,0.01,4,True,0.006095679513565762,0.002046664687946929,0.0015239198783914404,False,0.0521553467881118
91,2.6638285906854186e-06,0.0,0.6128557414634348,0.6801648163921172,9,0.5615234375,1.8446374865945133e-06,191,12,108,0,85,6,10,True,1.3511710529195186e-05,1.6889638161493983e-06,91,0.0,0.6128557227813625,0.6801648168113315,0.7885984783139333,0.9999999991416273,True,0.00011719199285332285,91:9,False,False,0.05,3,0.004932818480658073,0.0049326896876536585,16384,14,0.01,8,True,0.012191359027131523,0.002046664687946929,0.0015239198783914404,False,0.1043106935762236
91,2.6638285906854186e-06,0.0,0.6128557414634348,0.6801648163921172,9,0.5615234375,1.8446374865945133e-06,191,12,108,0,85,6,10,True,2.7023421058390372e-05,1.6889638161493983e-06,91,0.0,0.6128557227813625,0.6801648168113315,0.7885984783139333,0.9999999991416273,True,0.00016573450535975977,91:9,False,False,0.05,3,0.004932818480658073,0.0049326896876536585,16384,14,0.01,16,True,0.024382718054263047,0.002046664687946929,0.0015239198783914404,False,0.2086213871524472
