M,certified,cp_saving,cutoff,cutoff_cp,d,dimensionless_ratio,exact_cp,loss_budget,m,operator_tv_bound,q,selected_cutoff,selected_exact,two_qubit_saving
8,False,6,0,0,2,80.0,6,0.05,4,1.0,3,2,True,6
8,False,2,1,4,2,80.0,6,0.05,4,1.0,3,2,True,2
8,True,0,2,6,2,0.0,6,0.05,4,0.0,3,2,True,0
8,False,6,0,0,2,40.0,6,0.1,4,1.0,3,2,True,6
8,False,2,1,4,2,40.0,6,0.1,4,1.0,3,2,True,2
8,True,0,2,6,2,0.0,6,0.1,4,0.0,3,2,True,0
8,False,6,0,0,2,20.0,6,0.2,4,1.0,3,2,True,6
8,False,2,1,4,2,20.0,6,0.2,4,1.0,3,2,True,2
8,True,0,2,6,2,0.0,6,0.2,4,0.0,3,2,True,0
8,False,6,0,0,2,160.0,6,0.05,8,1.0,3,2,True,6
8,False,2,1,4,2,160.0,6,0.05,8,1.0,3,2,True,2
8,True,0,2,6,2,0.0,6,0.05,8,0.0,3,2,True,0
8,False,6,0,0,2,80.0,6,0.1,8,1.0,3,2,True,6
8,False,2,1,4,2,80.0,6,0.1,8,1.0,3,2,True,2
8,True,0,2,6,2,0.0,6,0.1,8,0.0,3,2,True,0
8,False,6,0,0,2,40.0,6,0.2,8,1.0,3,2,True,6
8,False,2,1,4,2,40.0,6,0.2,8,1.0,3,2,True,2
8,True,0,2,6,2,0.0,6,0.2,8,0.0,3,2,True,0
8,False,6,0,0,2,240.0,6,0.05,12,1.0,3,2,True,6
8,False,2,1,4,2,240.0,6,0.05,12,1.0,3,2,True,2
8,True,0,2,6,2,0.0,6,0.05,12,0.0,3,2,True,0
8,False,6,0,0,2,120.0,6,0.1,12,1.0,3,2,True,6
8,False,2,1,4,2,120.0,6,0.1,12,1.0,3,2,True,2
8,True,0,2,6,2,0.0,6,0.1,12,0.0,3,2,True,0
8,False,6,0,0,2,60.0,6,0.2,12,1.0,3,2,True,6
8,False,2,1,4,2,60.0,6,0.2,12,1.0,3,2,True,2
8,True,0,2,6,2,0.0,6,0.2,12,0.0,3,2,True,0
8,False,6,0,0,2,480.0,6,0.05,24,1.0,3,2,True,6
8,False,2,1,4,2,480.0,6,0.05,24,1.0,3,2,True,2
8,True,0,2,6,2,0.0,6,0.05,24,0.0,3,2,True,0
8,False,6,0,0,2,240.0,6,0.1,24,1.0,3,2,True,6
8,False,2,1,4,2,240.0,6,0.1,24,1.0,3,2,True,2
8,True,0,2,6,2,0.0,6,0.1,24,0.0,3,2,True,0
8,False,6,0,0,2,120.0,6,0.2,24,1.0,3,2,True,6
8,False,2,1,4,2,120.0,6,0.2,24,1.0,3,2,True,2
8,True,0,2,6,2,0.0,6,0.2,24,0.0,3,2,True,0
16,False,12,0,0,2,80.0,12,0.05,4,1.0,4,3,True,12
16,False,6,1,6,2,80.0,12,0.05,4,1.0,4,3,True,6
16,False,2,2,10,2,80.0,12,0.05,4,1.0,4,3,True,2
16,True,0,3,12,2,0.0,12,0.05,4,0.0,4,3,True,0
16,False,12,0,0,2,40.0,12,0.1,4,1.0,4,3,True,12
16,False,6,1,6,2,40.0,12,0.1,4,1.0,4,3,True,6
16,False,2,2,10,2,40.0,12,0.1,4,1.0,4,3,True,2
16,True,0,3,12,2,0.0,12,0.1,4,0.0,4,3,True,0
16,False,12,0,0,2,20.0,12,0.2,4,1.0,4,3,True,12
16,False,6,1,6,2,20.0,12,0.2,4,1.0,4,3,True,6
16,False,2,2,10,2,20.0,12,0.2,4,1.0,4,3,True,2
16,True,0,3,12,2,0.0,12,0.2,4,0.0,4,3,True,0
16,False,12,0,0,2,160.0,12,0.05,8,1.0,4,3,True,12
16,False,6,1,6,2,160.0,12,0.05,8,1.0,4,3,True,6
16,False,2,2,10,2,160.0,12,0.05,8,1.0,4,3,True,2
16,True,0,3,12,2,0.0,12,0.05,8,0.0,4,3,True,0
16,False,12,0,0,2,80.0,12,0.1,8,1.0,4,3,True,12
16,False,6,1,6,2,80.0,12,0.1,8,1.0,4,3,True,6
16,False,2,2,10,2,80.0,12,0.1,8,1.0,4,3,True,2
16,True,0,3,12,2,0.0,12,0.1,8,0.0,4,3,True,0
16,False,12,0,0,2,40.0,12,0.2,8,1.0,4,3,True,12
16,False,6,1,6,2,40.0,12,0.2,8,1.0,4,3,True,6
16,False,2,2,10,2,40.0,12,0.2,8,1.0,4,3,True,2
16,True,0,3,12,2,0.0,12,0.2,8,0.0,4,3,True,0
16,False,12,0,0,2,240.0,12,0.05,12,1.0,4,3,True,12
16,False,6,1,6,2,240.0,12,0.05,12,1.0,4,3,True,6
16,False,2,2,10,2,240.0,12,0.05,12,1.0,4,3,True,2
16,True,0,3,12,2,0.0,12,0.05,12,0.0,4,3,True,0
16,False,12,0,0,2,120.0,12,0.1,12,1.0,4,3,True,12
16,False,6,1,6,2,120.0,12,0.1,12,1.0,4,3,True,6
16,False,2,2,10,2,120.0,12,0.1,12,1.0,4,3,True,2
16,True,0,3,12,2,0.0,12,0.1,12,0.0,4,3,True,0
16,False,12,0,0,2,60.0,12,0.2,12,1.0,4,3,True,12
16,False,6,1,6,2,60.0,12,0.2,12,1.0,4,3,True,6
16,False,2,2,10,2,60.0,12,0.2,12,1.0,4,3,True,2
16,True,0,3,12,2,0.0,12,0.2,12,0.0,4,3,True,0
16,False,12,0,0,2,480.0,12,0.05,24,1.0,4,3,True,12
16,False,6,1,6,2,480.0,12,0.05,24,1.0,4,3,True,6
16,False,2,2,10,2,480.0,12,0.05,24,1.0,4,3,True,2
16,True,0,3,12,2,0.0,12,0.05,24,0.0,4,3,True,0
16,False,12,0,0,2,240.0,12,0.1,24,1.0,4,3,True,12
16,False,6,1,6,2,240.0,12,0.1,24,1.0,4,3,True,6
16,False,2,2,10,2,240.0,12,0.1,24,1.0,4,3,True,2
16,True,0,3,12,2,0.0,12,0.1,24,0.0,4,3,True,0
16,False,12,0,0,2,120.0,12,0.2,24,1.0,4,3,True,12
16,False,6,1,6,2,120.0,12,0.2,24,1.0,4,3,True,6
16,False,2,2,10,2,120.0,12,0.2,24,1.0,4,3,True,2
16,True,0,3,12,2,0.0,12,0.2,24,0.0,4,3,True,0
32,False,20,0,0,2,80.0,20,0.05,4,1.0,5,4,True,20
32,False,12,1,8,2,80.0,20,0.05,4,1.0,5,4,True,12
32,False,6,2,14,2,80.0,20,0.05,4,1.0,5,4,True,6
32,False,2,3,18,2,62.83185307179586,20,0.05,4,0.7853981633974483,5,4,True,2
32,True,0,4,20,2,0.0,20,0.05,4,0.0,5,4,True,0
32,False,20,0,0,2,40.0,20,0.1,4,1.0,5,4,True,20
32,False,12,1,8,2,40.0,20,0.1,4,1.0,5,4,True,12
32,False,6,2,14,2,40.0,20,0.1,4,1.0,5,4,True,6
32,False,2,3,18,2,31.41592653589793,20,0.1,4,0.7853981633974483,5,4,True,2
32,True,0,4,20,2,0.0,20,0.1,4,0.0,5,4,True,0
32,False,20,0,0,2,20.0,20,0.2,4,1.0,5,4,True,20
32,False,12,1,8,2,20.0,20,0.2,4,1.0,5,4,True,12
32,False,6,2,14,2,20.0,20,0.2,4,1.0,5,4,True,6
32,False,2,3,18,2,15.707963267948966,20,0.2,4,0.7853981633974483,5,4,True,2
32,True,0,4,20,2,0.0,20,0.2,4,0.0,5,4,True,0
32,False,20,0,0,2,160.0,20,0.05,8,1.0,5,4,True,20
32,False,12,1,8,2,160.0,20,0.05,8,1.0,5,4,True,12
32,False,6,2,14,2,160.0,20,0.05,8,1.0,5,4,True,6
32,False,2,3,18,2,125.66370614359172,20,0.05,8,0.7853981633974483,5,4,True,2
32,True,0,4,20,2,0.0,20,0.05,8,0.0,5,4,True,0
32,False,20,0,0,2,80.0,20,0.1,8,1.0,5,4,True,20
32,False,12,1,8,2,80.0,20,0.1,8,1.0,5,4,True,12
32,False,6,2,14,2,80.0,20,0.1,8,1.0,5,4,True,6
32,False,2,3,18,2,62.83185307179586,20,0.1,8,0.7853981633974483,5,4,True,2
32,True,0,4,20,2,0.0,20,0.1,8,0.0,5,4,True,0
32,False,20,0,0,2,40.0,20,0.2,8,1.0,5,4,True,20
32,False,12,1,8,2,40.0,20,0.2,8,1.0,5,4,True,12
32,False,6,2,14,2,40.0,20,0.2,8,1.0,5,4,True,6
32,False,2,3,18,2,31.41592653589793,20,0.2,8,0.7853981633974483,5,4,True,2
32,True,0,4,20,2,0.0,20,0.2,8,0.0,5,4,True,0
32,False,20,0,0,2,240.0,20,0.05,12,1.0,5,4,True,20
32,False,12,1,8,2,240.0,20,0.05,12,1.0,5,4,True,12
32,False,6,2,14,2,240.0,20,0.05,12,1.0,5,4,True,6
32,False,2,3,18,2,188.49555921538757,20,0.05,12,0.7853981633974483,5,4,True,2
32,True,0,4,20,2,0.0,20,0.05,12,0.0,5,4,True,0
32,False,20,0,0,2,120.0,20,0.1,12,1.0,5,4,True,20
32,False,12,1,8,2,120.0,20,0.1,12,1.0,5,4,True,12
32,False,6,2,14,2,120.0,20,0.1,12,1.0,5,4,True,6
32,False,2,3,18,2,94.24777960769379,20,0.1,12,0.7853981633974483,5,4,True,2
32,True,0,4,20,2,0.0,20,0.1,12,0.0,5,4,True,0
32,False,20,0,0,2,60.0,20,0.2,12,1.0,5,4,True,20
32,False,12,1,8,2,60.0,20,0.2,12,1.0,5,4,True,12
32,False,6,2,14,2,60.0,20,0.2,12,1.0,5,4,True,6
32,False,2,3,18,2,47.12388980384689,20,0.2,12,0.7853981633974483,5,4,True,2
32,True,0,4,20,2,0.0,20,0.2,12,0.0,5,4,True,0
32,False,20,0,0,2,480.0,20,0.05,24,1.0,5,4,True,20
32,False,12,1,8,2,480.0,20,0.05,24,1.0,5,4,True,12
32,False,6,2,14,2,480.0,20,0.05,24,1.0,5,4,True,6
32,False,2,3,18,2,376.99111843077515,20,0.05,24,0.7853981633974483,5,4,True,2
32,True,0,4,20,2,0.0,20,0.05,24,0.0,5,4,True,0
32,False,20,0,0,2,240.0,20,0.1,24,1.0,5,4,True,20
32,False,12,1,8,2,240.0,20,0.1,24,1.0,5,4,True,12
32,False,6,2,14,2,240.0,20,0.1,24,1.0,5,4,True,6
32,False,2,3,18,2,188.49555921538757,20,0.1,24,0.7853981633974483,5,4,True,2
32,True,0,4,20,2,0.0,20,0.1,24,0.0,5,4,True,0
32,False,20,0,0,2,120.0,20,0.2,24,1.0,5,4,True,20
32,False,12,1,8,2,120.0,20,0.2,24,1.0,5,4,True,12
32,False,6,2,14,2,120.0,20,0.2,24,1.0,5,4,True,6
32,False,2,3,18,2,94.24777960769379,20,0.2,24,0.7853981633974483,5,4,True,2
32,True,0,4,20,2,0.0,20,0.2,24,0.0,5,4,True,0
64,False,30,0,0,2,80.0,30,0.05,4,1.0,6,5,True,30
64,False,20,1,10,2,80.0,30,0.05,4,1.0,6,5,True,20
64,False,12,2,18,2,80.0,30,0.05,4,1.0,6,5,True,12
64,False,6,3,24,2,80.0,30,0.05,4,1.0,6,5,True,6
64,False,2,4,28,2,31.41592653589793,30,0.05,4,0.39269908169872414,6,5,True,2
64,True,0,5,30,2,0.0,30,0.05,4,0.0,6,5,True,0
64,False,30,0,0,2,40.0,30,0.1,4,1.0,6,5,True,30
64,False,20,1,10,2,40.0,30,0.1,4,1.0,6,5,True,20
64,False,12,2,18,2,40.0,30,0.1,4,1.0,6,5,True,12
64,False,6,3,24,2,40.0,30,0.1,4,1.0,6,5,True,6
64,False,2,4,28,2,15.707963267948966,30,0.1,4,0.39269908169872414,6,5,True,2
64,True,0,5,30,2,0.0,30,0.1,4,0.0,6,5,True,0
64,False,30,0,0,2,20.0,30,0.2,4,1.0,6,5,True,30
64,False,20,1,10,2,20.0,30,0.2,4,1.0,6,5,True,20
64,False,12,2,18,2,20.0,30,0.2,4,1.0,6,5,True,12
64,False,6,3,24,2,20.0,30,0.2,4,1.0,6,5,True,6
64,False,2,4,28,2,7.853981633974483,30,0.2,4,0.39269908169872414,6,5,True,2
64,True,0,5,30,2,0.0,30,0.2,4,0.0,6,5,True,0
64,False,30,0,0,2,160.0,30,0.05,8,1.0,6,5,True,30
64,False,20,1,10,2,160.0,30,0.05,8,1.0,6,5,True,20
64,False,12,2,18,2,160.0,30,0.05,8,1.0,6,5,True,12
64,False,6,3,24,2,160.0,30,0.05,8,1.0,6,5,True,6
64,False,2,4,28,2,62.83185307179586,30,0.05,8,0.39269908169872414,6,5,True,2
64,True,0,5,30,2,0.0,30,0.05,8,0.0,6,5,True,0
64,False,30,0,0,2,80.0,30,0.1,8,1.0,6,5,True,30
64,False,20,1,10,2,80.0,30,0.1,8,1.0,6,5,True,20
64,False,12,2,18,2,80.0,30,0.1,8,1.0,6,5,True,12
64,False,6,3,24,2,80.0,30,0.1,8,1.0,6,5,True,6
64,False,2,4,28,2,31.41592653589793,30,0.1,8,0.39269908169872414,6,5,True,2
64,True,0,5,30,2,0.0,30,0.1,8,0.0,6,5,True,0
64,False,30,0,0,2,40.0,30,0.2,8,1.0,6,5,True,30
64,False,20,1,10,2,40.0,30,0.2,8,1.0,6,5,True,20
64,False,12,2,18,2,40.0,30,0.2,8,1.0,6,5,True,12
64,False,6,3,24,2,40.0,30,0.2,8,1.0,6,5,True,6
64,False,2,4,28,2,15.707963267948966,30,0.2,8,0.39269908169872414,6,5,True,2
64,True,0,5,30,2,0.0,30,0.2,8,0.0,6,5,True,0
64,False,30,0,0,2,240.0,30,0.05,12,1.0,6,5,True,30
64,False,20,1,10,2,240.0,30,0.05,12,1.0,6,5,True,20
64,False,12,2,18,2,240.0,30,0.05,12,1.0,6,5,True,12
64,False,6,3,24,2,240.0,30,0.05,12,1.0,6,5,True,6
64,False,2,4,28,2,94.24777960769379,30,0.05,12,0.39269908169872414,6,5,True,2
64,True,0,5,30,2,0.0,30,0.05,12,0.0,6,5,True,0
64,False,30,0,0,2,120.0,30,0.1,12,1.0,6,5,True,30
64,False,20,1,10,2,120.0,30,0.1,12,1.0,6,5,True,20
64,False,12,2,18,2,120.0,30,0.1,12,1.0,6,5,True,12
64,False,6,3,24,2,120.0,30,0.1,12,1.0,6,5,True,6
64,False,2,4,28,2,47.12388980384689,30,0.1,12,0.39269908169872414,6,5,True,2
64,True,0,5,30,2,0.0,30,0.1,12,0.0,6,5,True,0
64,False,30,0,0,2,60.0,30,0.2,12,1.0,6,5,True,30
64,False,20,1,10,2,60.0,30,0.2,12,1.0,6,5,True,20
64,False,12,2,18,2,60.0,30,0.2,12,1.0,6,5,True,12
64,False,6,3,24,2,60.0,30,0.2,12,1.0,6,5,True,6
64,False,2,4,28,2,23.561944901923447,30,0.2,12,0.39269908169872414,6,5,True,2
64,True,0,5,30,2,0.0,30,0.2,12,0.0,6,5,True,0
64,False,30,0,0,2,480.0,30,0.05,24,1.0,6,5,True,30
64,False,20,1,10,2,480.0,30,0.05,24,1.0,6,5,True,20
64,False,12,2,18,2,480.0,30,0.05,24,1.0,6,5,True,12
64,False,6,3,24,2,480.0,30,0.05,24,1.0,6,5,True,6
64,False,2,4,28,2,188.49555921538757,30,0.05,24,0.39269908169872414,6,5,True,2
64,True,0,5,30,2,0.0,30,0.05,24,0.0,6,5,True,0
64,False,30,0,0,2,240.0,30,0.1,24,1.0,6,5,True,30
64,False,20,1,10,2,240.0,30,0.1,24,1.0,6,5,True,20
64,False,12,2,18,2,240.0,30,0.1,24,1.0,6,5,True,12
64,False,6,3,24,2,240.0,30,0.1,24,1.0,6,5,True,6
64,False,2,4,28,2,94.24777960769379,30,0.1,24,0.39269908169872414,6,5,True,2
64,True,0,5,30,2,0.0,30,0.1,24,0.0,6,5,True,0
64,False,30,0,0,2,120.0,30,0.2,24,1.0,6,5,True,30
64,False,20,1,10,2,120.0,30,0.2,24,1.0,6,5,True,20
64,False,12,2,18,2,120.0,30,0.2,24,1.0,6,5,True,12
64,False,6,3,24,2,120.0,30,0.2,24,1.0,6,5,True,6
64,False,2,4,28,2,47.12388980384689,30,0.2,24,0.39269908169872414,6,5,True,2
64,True,0,5,30,2,0.0,30,0.2,24,0.0,6,5,True,0
128,False,42,0,0,2,80.0,42,0.05,4,1.0,7,6,True,42
128,False,30,1,12,2,80.0,42,0.05,4,1.0,7,6,True,30
128,False,20,2,22,2,80.0,42,0.05,4,1.0,7,6,True,20
128,False,12,3,30,2,80.0,42,0.05,4,1.0,7,6,True,12
128,False,6,4,36,2,78.53981633974482,42,0.05,4,0.9817477042468103,7,6,True,6
128,False,2,5,40,2,15.707963267948966,42,0.05,4,0.19634954084936207,7,6,True,2
128,True,0,6,42,2,0.0,42,0.05,4,0.0,7,6,True,0
128,False,42,0,0,2,40.0,42,0.1,4,1.0,7,6,True,42
128,False,30,1,12,2,40.0,42,0.1,4,1.0,7,6,True,30
128,False,20,2,22,2,40.0,42,0.1,4,1.0,7,6,True,20
128,False,12,3,30,2,40.0,42,0.1,4,1.0,7,6,True,12
128,False,6,4,36,2,39.26990816987241,42,0.1,4,0.9817477042468103,7,6,True,6
128,False,2,5,40,2,7.853981633974483,42,0.1,4,0.19634954084936207,7,6,True,2
128,True,0,6,42,2,0.0,42,0.1,4,0.0,7,6,True,0
128,False,42,0,0,2,20.0,42,0.2,4,1.0,7,6,True,42
128,False,30,1,12,2,20.0,42,0.2,4,1.0,7,6,True,30
128,False,20,2,22,2,20.0,42,0.2,4,1.0,7,6,True,20
128,False,12,3,30,2,20.0,42,0.2,4,1.0,7,6,True,12
128,False,6,4,36,2,19.634954084936204,42,0.2,4,0.9817477042468103,7,6,True,6
128,False,2,5,40,2,3.9269908169872414,42,0.2,4,0.19634954084936207,7,6,True,2
128,True,0,6,42,2,0.0,42,0.2,4,0.0,7,6,True,0
128,False,42,0,0,2,160.0,42,0.05,8,1.0,7,6,True,42
128,False,30,1,12,2,160.0,42,0.05,8,1.0,7,6,True,30
128,False,20,2,22,2,160.0,42,0.05,8,1.0,7,6,True,20
128,False,12,3,30,2,160.0,42,0.05,8,1.0,7,6,True,12
128,False,6,4,36,2,157.07963267948963,42,0.05,8,0.9817477042468103,7,6,True,6
128,False,2,5,40,2,31.41592653589793,42,0.05,8,0.19634954084936207,7,6,True,2
128,True,0,6,42,2,0.0,42,0.05,8,0.0,7,6,True,0
128,False,42,0,0,2,80.0,42,0.1,8,1.0,7,6,True,42
128,False,30,1,12,2,80.0,42,0.1,8,1.0,7,6,True,30
128,False,20,2,22,2,80.0,42,0.1,8,1.0,7,6,True,20
128,False,12,3,30,2,80.0,42,0.1,8,1.0,7,6,True,12
128,False,6,4,36,2,78.53981633974482,42,0.1,8,0.9817477042468103,7,6,True,6
128,False,2,5,40,2,15.707963267948966,42,0.1,8,0.19634954084936207,7,6,True,2
128,True,0,6,42,2,0.0,42,0.1,8,0.0,7,6,True,0
128,False,42,0,0,2,40.0,42,0.2,8,1.0,7,6,True,42
128,False,30,1,12,2,40.0,42,0.2,8,1.0,7,6,True,30
128,False,20,2,22,2,40.0,42,0.2,8,1.0,7,6,True,20
128,False,12,3,30,2,40.0,42,0.2,8,1.0,7,6,True,12
128,False,6,4,36,2,39.26990816987241,42,0.2,8,0.9817477042468103,7,6,True,6
128,False,2,5,40,2,7.853981633974483,42,0.2,8,0.19634954084936207,7,6,True,2
128,True,0,6,42,2,0.0,42,0.2,8,0.0,7,6,True,0
128,False,42,0,0,2,240.0,42,0.05,12,1.0,7,6,True,42
128,False,30,1,12,2,240.0,42,0.05,12,1.0,7,6,True,30
128,False,20,2,22,2,240.0,42,0.05,12,1.0,7,6,True,20
128,False,12,3,30,2,240.0,42,0.05,12,1.0,7,6,True,12
128,False,6,4,36,2,235.61944901923445,42,0.05,12,0.9817477042468103,7,6,True,6
128,False,2,5,40,2,47.12388980384689,42,0.05,12,0.19634954084936207,7,6,True,2
128,True,0,6,42,2,0.0,42,0.05,12,0.0,7,6,True,0
128,False,42,0,0,2,120.0,42,0.1,12,1.0,7,6,True,42
128,False,30,1,12,2,120.0,42,0.1,12,1.0,7,6,True,30
128,False,20,2,22,2,120.0,42,0.1,12,1.0,7,6,True,20
128,False,12,3,30,2,120.0,42,0.1,12,1.0,7,6,True,12
128,False,6,4,36,2,117.80972450961723,42,0.1,12,0.9817477042468103,7,6,True,6
128,False,2,5,40,2,23.561944901923447,42,0.1,12,0.19634954084936207,7,6,True,2
128,True,0,6,42,2,0.0,42,0.1,12,0.0,7,6,True,0
128,False,42,0,0,2,60.0,42,0.2,12,1.0,7,6,True,42
128,False,30,1,12,2,60.0,42,0.2,12,1.0,7,6,True,30
128,False,20,2,22,2,60.0,42,0.2,12,1.0,7,6,True,20
128,False,12,3,30,2,60.0,42,0.2,12,1.0,7,6,True,12
128,False,6,4,36,2,58.90486225480861,42,0.2,12,0.9817477042468103,7,6,True,6
128,False,2,5,40,2,11.780972450961723,42,0.2,12,0.19634954084936207,7,6,True,2
128,True,0,6,42,2,0.0,42,0.2,12,0.0,7,6,True,0
128,False,42,0,0,2,480.0,42,0.05,24,1.0,7,6,True,42
128,False,30,1,12,2,480.0,42,0.05,24,1.0,7,6,True,30
128,False,20,2,22,2,480.0,42,0.05,24,1.0,7,6,True,20
128,False,12,3,30,2,480.0,42,0.05,24,1.0,7,6,True,12
128,False,6,4,36,2,471.2388980384689,42,0.05,24,0.9817477042468103,7,6,True,6
128,False,2,5,40,2,94.24777960769379,42,0.05,24,0.19634954084936207,7,6,True,2
128,True,0,6,42,2,0.0,42,0.05,24,0.0,7,6,True,0
128,False,42,0,0,2,240.0,42,0.1,24,1.0,7,6,True,42
128,False,30,1,12,2,240.0,42,0.1,24,1.0,7,6,True,30
128,False,20,2,22,2,240.0,42,0.1,24,1.0,7,6,True,20
128,False,12,3,30,2,240.0,42,0.1,24,1.0,7,6,True,12
128,False,6,4,36,2,235.61944901923445,42,0.1,24,0.9817477042468103,7,6,True,6
128,False,2,5,40,2,47.12388980384689,42,0.1,24,0.19634954084936207,7,6,True,2
128,True,0,6,42,2,0.0,42,0.1,24,0.0,7,6,True,0
128,False,42,0,0,2,120.0,42,0.2,24,1.0,7,6,True,42
128,False,30,1,12,2,120.0,42,0.2,24,1.0,7,6,True,30
128,False,20,2,22,2,120.0,42,0.2,24,1.0,7,6,True,20
128,False,12,3,30,2,120.0,42,0.2,24,1.0,7,6,True,12
128,False,6,4,36,2,117.80972450961723,42,0.2,24,0.9817477042468103,7,6,True,6
128,False,2,5,40,2,23.561944901923447,42,0.2,24,0.19634954084936207,7,6,True,2
128,True,0,6,42,2,0.0,42,0.2,24,0.0,7,6,True,0
8,False,9,0,0,3,80.0,9,0.05,4,1.0,3,2,True,9
8,False,3,1,6,3,80.0,9,0.05,4,1.0,3,2,True,3
8,True,0,2,9,3,0.0,9,0.05,4,0.0,3,2,True,0
8,False,9,0,0,3,40.0,9,0.1,4,1.0,3,2,True,9
8,False,3,1,6,3,40.0,9,0.1,4,1.0,3,2,True,3
8,True,0,2,9,3,0.0,9,0.1,4,0.0,3,2,True,0
8,False,9,0,0,3,20.0,9,0.2,4,1.0,3,2,True,9
8,False,3,1,6,3,20.0,9,0.2,4,1.0,3,2,True,3
8,True,0,2,9,3,0.0,9,0.2,4,0.0,3,2,True,0
8,False,9,0,0,3,160.0,9,0.05,8,1.0,3,2,True,9
8,False,3,1,6,3,160.0,9,0.05,8,1.0,3,2,True,3
8,True,0,2,9,3,0.0,9,0.05,8,0.0,3,2,True,0
8,False,9,0,0,3,80.0,9,0.1,8,1.0,3,2,True,9
8,False,3,1,6,3,80.0,9,0.1,8,1.0,3,2,True,3
8,True,0,2,9,3,0.0,9,0.1,8,0.0,3,2,True,0
8,False,9,0,0,3,40.0,9,0.2,8,1.0,3,2,True,9
8,False,3,1,6,3,40.0,9,0.2,8,1.0,3,2,True,3
8,True,0,2,9,3,0.0,9,0.2,8,0.0,3,2,True,0
8,False,9,0,0,3,240.0,9,0.05,12,1.0,3,2,True,9
8,False,3,1,6,3,240.0,9,0.05,12,1.0,3,2,True,3
8,True,0,2,9,3,0.0,9,0.05,12,0.0,3,2,True,0
8,False,9,0,0,3,120.0,9,0.1,12,1.0,3,2,True,9
8,False,3,1,6,3,120.0,9,0.1,12,1.0,3,2,True,3
8,True,0,2,9,3,0.0,9,0.1,12,0.0,3,2,True,0
8,False,9,0,0,3,60.0,9,0.2,12,1.0,3,2,True,9
8,False,3,1,6,3,60.0,9,0.2,12,1.0,3,2,True,3
8,True,0,2,9,3,0.0,9,0.2,12,0.0,3,2,True,0
8,False,9,0,0,3,480.0,9,0.05,24,1.0,3,2,True,9
8,False,3,1,6,3,480.0,9,0.05,24,1.0,3,2,True,3
8,True,0,2,9,3,0.0,9,0.05,24,0.0,3,2,True,0
8,False,9,0,0,3,240.0,9,0.1,24,1.0,3,2,True,9
8,False,3,1,6,3,240.0,9,0.1,24,1.0,3,2,True,3
8,True,0,2,9,3,0.0,9,0.1,24,0.0,3,2,True,0
8,False,9,0,0,3,120.0,9,0.2,24,1.0,3,2,True,9
8,False,3,1,6,3,120.0,9,0.2,24,1.0,3,2,True,3
8,True,0,2,9,3,0.0,9,0.2,24,0.0,3,2,True,0
16,False,18,0,0,3,80.0,18,0.05,4,1.0,4,3,True,18
16,False,9,1,9,3,80.0,18,0.05,4,1.0,4,3,True,9
16,False,3,2,15,3,80.0,18,0.05,4,1.0,4,3,True,3
16,True,0,3,18,3,0.0,18,0.05,4,0.0,4,3,True,0
16,False,18,0,0,3,40.0,18,0.1,4,1.0,4,3,True,18
16,False,9,1,9,3,40.0,18,0.1,4,1.0,4,3,True,9
16,False,3,2,15,3,40.0,18,0.1,4,1.0,4,3,True,3
16,True,0,3,18,3,0.0,18,0.1,4,0.0,4,3,True,0
16,False,18,0,0,3,20.0,18,0.2,4,1.0,4,3,True,18
16,False,9,1,9,3,20.0,18,0.2,4,1.0,4,3,True,9
16,False,3,2,15,3,20.0,18,0.2,4,1.0,4,3,True,3
16,True,0,3,18,3,0.0,18,0.2,4,0.0,4,3,True,0
16,False,18,0,0,3,160.0,18,0.05,8,1.0,4,3,True,18
16,False,9,1,9,3,160.0,18,0.05,8,1.0,4,3,True,9
16,False,3,2,15,3,160.0,18,0.05,8,1.0,4,3,True,3
16,True,0,3,18,3,0.0,18,0.05,8,0.0,4,3,True,0
16,False,18,0,0,3,80.0,18,0.1,8,1.0,4,3,True,18
16,False,9,1,9,3,80.0,18,0.1,8,1.0,4,3,True,9
16,False,3,2,15,3,80.0,18,0.1,8,1.0,4,3,True,3
16,True,0,3,18,3,0.0,18,0.1,8,0.0,4,3,True,0
16,False,18,0,0,3,40.0,18,0.2,8,1.0,4,3,True,18
16,False,9,1,9,3,40.0,18,0.2,8,1.0,4,3,True,9
16,False,3,2,15,3,40.0,18,0.2,8,1.0,4,3,True,3
16,True,0,3,18,3,0.0,18,0.2,8,0.0,4,3,True,0
16,False,18,0,0,3,240.0,18,0.05,12,1.0,4,3,True,18
16,False,9,1,9,3,240.0,18,0.05,12,1.0,4,3,True,9
16,False,3,2,15,3,240.0,18,0.05,12,1.0,4,3,True,3
16,True,0,3,18,3,0.0,18,0.05,12,0.0,4,3,True,0
16,False,18,0,0,3,120.0,18,0.1,12,1.0,4,3,True,18
16,False,9,1,9,3,120.0,18,0.1,12,1.0,4,3,True,9
16,False,3,2,15,3,120.0,18,0.1,12,1.0,4,3,True,3
16,True,0,3,18,3,0.0,18,0.1,12,0.0,4,3,True,0
16,False,18,0,0,3,60.0,18,0.2,12,1.0,4,3,True,18
16,False,9,1,9,3,60.0,18,0.2,12,1.0,4,3,True,9
16,False,3,2,15,3,60.0,18,0.2,12,1.0,4,3,True,3
16,True,0,3,18,3,0.0,18,0.2,12,0.0,4,3,True,0
16,False,18,0,0,3,480.0,18,0.05,24,1.0,4,3,True,18
16,False,9,1,9,3,480.0,18,0.05,24,1.0,4,3,True,9
16,False,3,2,15,3,480.0,18,0.05,24,1.0,4,3,True,3
16,True,0,3,18,3,0.0,18,0.05,24,0.0,4,3,True,0
16,False,18,0,0,3,240.0,18,0.1,24,1.0,4,3,True,18
16,False,9,1,9,3,240.0,18,0.1,24,1.0,4,3,True,9
16,False,3,2,15,3,240.0,18,0.1,24,1.0,4,3,True,3
16,True,0,3,18,3,0.0,18,0.1,24,0.0,4,3,True,0
16,False,18,0,0,3,120.0,18,0.2,24,1.0,4,3,True,18
16,False,9,1,9,3,120.0,18,0.2,24,1.0,4,3,True,9
16,False,3,2,15,3,120.0,18,0.2,24,1.0,4,3,True,3
16,True,0,3,18,3,0.0,18,0.2,24,0.0,4,3,True,0
32,False,30,0,0,3,80.0,30,0.05,4,1.0,5,4,True,30
32,False,18,1,12,3,80.0,30,0.05,4,1.0,5,4,True,18
32,False,9,2,21,3,80.0,30,0.05,4,1.0,5,4,True,9
32,False,3,3,27,3,80.0,30,0.05,4,1.0,5,4,True,3
32,True,0,4,30,3,0.0,30,0.05,4,0.0,5,4,True,0
32,False,30,0,0,3,40.0,30,0.1,4,1.0,5,4,True,30
32,False,18,1,12,3,40.0,30,0.1,4,1.0,5,4,True,18
32,False,9,2,21,3,40.0,30,0.1,4,1.0,5,4,True,9
32,False,3,3,27,3,40.0,30,0.1,4,1.0,5,4,True,3
32,True,0,4,30,3,0.0,30,0.1,4,0.0,5,4,True,0
32,False,30,0,0,3,20.0,30,0.2,4,1.0,5,4,True,30
32,False,18,1,12,3,20.0,30,0.2,4,1.0,5,4,True,18
32,False,9,2,21,3,20.0,30,0.2,4,1.0,5,4,True,9
32,False,3,3,27,3,20.0,30,0.2,4,1.0,5,4,True,3
32,True,0,4,30,3,0.0,30,0.2,4,0.0,5,4,True,0
32,False,30,0,0,3,160.0,30,0.05,8,1.0,5,4,True,30
32,False,18,1,12,3,160.0,30,0.05,8,1.0,5,4,True,18
32,False,9,2,21,3,160.0,30,0.05,8,1.0,5,4,True,9
32,False,3,3,27,3,160.0,30,0.05,8,1.0,5,4,True,3
32,True,0,4,30,3,0.0,30,0.05,8,0.0,5,4,True,0
32,False,30,0,0,3,80.0,30,0.1,8,1.0,5,4,True,30
32,False,18,1,12,3,80.0,30,0.1,8,1.0,5,4,True,18
32,False,9,2,21,3,80.0,30,0.1,8,1.0,5,4,True,9
32,False,3,3,27,3,80.0,30,0.1,8,1.0,5,4,True,3
32,True,0,4,30,3,0.0,30,0.1,8,0.0,5,4,True,0
32,False,30,0,0,3,40.0,30,0.2,8,1.0,5,4,True,30
32,False,18,1,12,3,40.0,30,0.2,8,1.0,5,4,True,18
32,False,9,2,21,3,40.0,30,0.2,8,1.0,5,4,True,9
32,False,3,3,27,3,40.0,30,0.2,8,1.0,5,4,True,3
32,True,0,4,30,3,0.0,30,0.2,8,0.0,5,4,True,0
32,False,30,0,0,3,240.0,30,0.05,12,1.0,5,4,True,30
32,False,18,1,12,3,240.0,30,0.05,12,1.0,5,4,True,18
32,False,9,2,21,3,240.0,30,0.05,12,1.0,5,4,True,9
32,False,3,3,27,3,240.0,30,0.05,12,1.0,5,4,True,3
32,True,0,4,30,3,0.0,30,0.05,12,0.0,5,4,True,0
32,False,30,0,0,3,120.0,30,0.1,12,1.0,5,4,True,30
32,False,18,1,12,3,120.0,30,0.1,12,1.0,5,4,True,18
32,False,9,2,21,3,120.0,30,0.1,12,1.0,5,4,True,9
32,False,3,3,27,3,120.0,30,0.1,12,1.0,5,4,True,3
32,True,0,4,30,3,0.0,30,0.1,12,0.0,5,4,True,0
32,False,30,0,0,3,60.0,30,0.2,12,1.0,5,4,True,30
32,False,18,1,12,3,60.0,30,0.2,12,1.0,5,4,True,18
32,False,9,2,21,3,60.0,30,0.2,12,1.0,5,4,True,9
32,False,3,3,27,3,60.0,30,0.2,12,1.0,5,4,True,3
32,True,0,4,30,3,0.0,30,0.2,12,0.0,5,4,True,0
32,False,30,0,0,3,480.0,30,0.05,24,1.0,5,4,True,30
32,False,18,1,12,3,480.0,30,0.05,24,1.0,5,4,True,18
32,False,9,2,21,3,480.0,30,0.05,24,1.0,5,4,True,9
32,False,3,3,27,3,480.0,30,0.05,24,1.0,5,4,True,3
32,True,0,4,30,3,0.0,30,0.05,24,0.0,5,4,True,0
32,False,30,0,0,3,240.0,30,0.1,24,1.0,5,4,True,30
32,False,18,1,12,3,240.0,30,0.1,24,1.0,5,4,True,18
32,False,9,2,21,3,240.0,30,0.1,24,1.0,5,4,True,9
32,False,3,3,27,3,240.0,30,0.1,24,1.0,5,4,True,3
32,True,0,4,30,3,0.0,30,0.1,24,0.0,5,4,True,0
32,False,30,0,0,3,120.0,30,0.2,24,1.0,5,4,True,30
32,False,18,1,12,3,120.0,30,0.2,24,1.0,5,4,True,18
32,False,9,2,21,3,120.0,30,0.2,24,1.0,5,4,True,9
32,False,3,3,27,3,120.0,30,0.2,24,1.0,5,4,True,3
32,True,0,4,30,3,0.0,30,0.2,24,0.0,5,4,True,0
64,False,45,0,0,3,80.0,45,0.05,4,1.0,6,5,True,45
64,False,30,1,15,3,80.0,45,0.05,4,1.0,6,5,True,30
64,False,18,2,27,3,80.0,45,0.05,4,1.0,6,5,True,18
64,False,9,3,36,3,80.0,45,0.05,4,1.0,6,5,True,9
64,False,3,4,42,3,47.12388980384689,45,0.05,4,0.5890486225480862,6,5,True,3
64,True,0,5,45,3,0.0,45,0.05,4,0.0,6,5,True,0
64,False,45,0,0,3,40.0,45,0.1,4,1.0,6,5,True,45
64,False,30,1,15,3,40.0,45,0.1,4,1.0,6,5,True,30
64,False,18,2,27,3,40.0,45,0.1,4,1.0,6,5,True,18
64,False,9,3,36,3,40.0,45,0.1,4,1.0,6,5,True,9
64,False,3,4,42,3,23.561944901923447,45,0.1,4,0.5890486225480862,6,5,True,3
64,True,0,5,45,3,0.0,45,0.1,4,0.0,6,5,True,0
64,False,45,0,0,3,20.0,45,0.2,4,1.0,6,5,True,45
64,False,30,1,15,3,20.0,45,0.2,4,1.0,6,5,True,30
64,False,18,2,27,3,20.0,45,0.2,4,1.0,6,5,True,18
64,False,9,3,36,3,20.0,45,0.2,4,1.0,6,5,True,9
64,False,3,4,42,3,11.780972450961723,45,0.2,4,0.5890486225480862,6,5,True,3
64,True,0,5,45,3,0.0,45,0.2,4,0.0,6,5,True,0
64,False,45,0,0,3,160.0,45,0.05,8,1.0,6,5,True,45
64,False,30,1,15,3,160.0,45,0.05,8,1.0,6,5,True,30
64,False,18,2,27,3,160.0,45,0.05,8,1.0,6,5,True,18
64,False,9,3,36,3,160.0,45,0.05,8,1.0,6,5,True,9
64,False,3,4,42,3,94.24777960769379,45,0.05,8,0.5890486225480862,6,5,True,3
64,True,0,5,45,3,0.0,45,0.05,8,0.0,6,5,True,0
64,False,45,0,0,3,80.0,45,0.1,8,1.0,6,5,True,45
64,False,30,1,15,3,80.0,45,0.1,8,1.0,6,5,True,30
64,False,18,2,27,3,80.0,45,0.1,8,1.0,6,5,True,18
64,False,9,3,36,3,80.0,45,0.1,8,1.0,6,5,True,9
64,False,3,4,42,3,47.12388980384689,45,0.1,8,0.5890486225480862,6,5,True,3
64,True,0,5,45,3,0.0,45,0.1,8,0.0,6,5,True,0
64,False,45,0,0,3,40.0,45,0.2,8,1.0,6,5,True,45
64,False,30,1,15,3,40.0,45,0.2,8,1.0,6,5,True,30
64,False,18,2,27,3,40.0,45,0.2,8,1.0,6,5,True,18
64,False,9,3,36,3,40.0,45,0.2,8,1.0,6,5,True,9
64,False,3,4,42,3,23.561944901923447,45,0.2,8,0.5890486225480862,6,5,True,3
64,True,0,5,45,3,0.0,45,0.2,8,0.0,6,5,True,0
64,False,45,0,0,3,240.0,45,0.05,12,1.0,6,5,True,45
64,False,30,1,15,3,240.0,45,0.05,12,1.0,6,5,True,30
64,False,18,2,27,3,240.0,45,0.05,12,1.0,6,5,True,18
64,False,9,3,36,3,240.0,45,0.05,12,1.0,6,5,True,9
64,False,3,4,42,3,141.3716694115407,45,0.05,12,0.5890486225480862,6,5,True,3
64,True,0,5,45,3,0.0,45,0.05,12,0.0,6,5,True,0
64,False,45,0,0,3,120.0,45,0.1,12,1.0,6,5,True,45
64,False,30,1,15,3,120.0,45,0.1,12,1.0,6,5,True,30
64,False,18,2,27,3,120.0,45,0.1,12,1.0,6,5,True,18
64,False,9,3,36,3,120.0,45,0.1,12,1.0,6,5,True,9
64,False,3,4,42,3,70.68583470577035,45,0.1,12,0.5890486225480862,6,5,True,3
64,True,0,5,45,3,0.0,45,0.1,12,0.0,6,5,True,0
64,False,45,0,0,3,60.0,45,0.2,12,1.0,6,5,True,45
64,False,30,1,15,3,60.0,45,0.2,12,1.0,6,5,True,30
64,False,18,2,27,3,60.0,45,0.2,12,1.0,6,5,True,18
64,False,9,3,36,3,60.0,45,0.2,12,1.0,6,5,True,9
64,False,3,4,42,3,35.34291735288517,45,0.2,12,0.5890486225480862,6,5,True,3
64,True,0,5,45,3,0.0,45,0.2,12,0.0,6,5,True,0
64,False,45,0,0,3,480.0,45,0.05,24,1.0,6,5,True,45
64,False,30,1,15,3,480.0,45,0.05,24,1.0,6,5,True,30
64,False,18,2,27,3,480.0,45,0.05,24,1.0,6,5,True,18
64,False,9,3,36,3,480.0,45,0.05,24,1.0,6,5,True,9
64,False,3,4,42,3,282.7433388230814,45,0.05,24,0.5890486225480862,6,5,True,3
64,True,0,5,45,3,0.0,45,0.05,24,0.0,6,5,True,0
64,False,45,0,0,3,240.0,45,0.1,24,1.0,6,5,True,45
64,False,30,1,15,3,240.0,45,0.1,24,1.0,6,5,True,30
64,False,18,2,27,3,240.0,45,0.1,24,1.0,6,5,True,18
64,False,9,3,36,3,240.0,45,0.1,24,1.0,6,5,True,9
64,False,3,4,42,3,141.3716694115407,45,0.1,24,0.5890486225480862,6,5,True,3
64,True,0,5,45,3,0.0,45,0.1,24,0.0,6,5,True,0
64,False,45,0,0,3,120.0,45,0.2,24,1.0,6,5,True,45
64,False,30,1,15,3,120.0,45,0.2,24,1.0,6,5,True,30
64,False,18,2,27,3,120.0,45,0.2,24,1.0,6,5,True,18
64,False,9,3,36,3,120.0,45,0.2,24,1.0,6,5,True,9
64,False,3,4,42,3,70.68583470577035,45,0.2,24,0.5890486225480862,6,5,True,3
64,True,0,5,45,3,0.0,45,0.2,24,0.0,6,5,True,0
128,False,63,0,0,3,80.0,63,0.05,4,1.0,7,6,True,63
128,False,45,1,18,3,80.0,63,0.05,4,1.0,7,6,True,45
128,False,30,2,33,3,80.0,63,0.05,4,1.0,7,6,True,30
128,False,18,3,45,3,80.0,63,0.05,4,1.0,7,6,True,18
128,False,9,4,54,3,80.0,63,0.05,4,1.0,7,6,True,9
128,False,3,5,60,3,23.561944901923447,63,0.05,4,0.2945243112740431,7,6,True,3
128,True,0,6,63,3,0.0,63,0.05,4,0.0,7,6,True,0
128,False,63,0,0,3,40.0,63,0.1,4,1.0,7,6,True,63
128,False,45,1,18,3,40.0,63,0.1,4,1.0,7,6,True,45
128,False,30,2,33,3,40.0,63,0.1,4,1.0,7,6,True,30
128,False,18,3,45,3,40.0,63,0.1,4,1.0,7,6,True,18
128,False,9,4,54,3,40.0,63,0.1,4,1.0,7,6,True,9
128,False,3,5,60,3,11.780972450961723,63,0.1,4,0.2945243112740431,7,6,True,3
128,True,0,6,63,3,0.0,63,0.1,4,0.0,7,6,True,0
128,False,63,0,0,3,20.0,63,0.2,4,1.0,7,6,True,63
128,False,45,1,18,3,20.0,63,0.2,4,1.0,7,6,True,45
128,False,30,2,33,3,20.0,63,0.2,4,1.0,7,6,True,30
128,False,18,3,45,3,20.0,63,0.2,4,1.0,7,6,True,18
128,False,9,4,54,3,20.0,63,0.2,4,1.0,7,6,True,9
128,False,3,5,60,3,5.890486225480862,63,0.2,4,0.2945243112740431,7,6,True,3
128,True,0,6,63,3,0.0,63,0.2,4,0.0,7,6,True,0
128,False,63,0,0,3,160.0,63,0.05,8,1.0,7,6,True,63
128,False,45,1,18,3,160.0,63,0.05,8,1.0,7,6,True,45
128,False,30,2,33,3,160.0,63,0.05,8,1.0,7,6,True,30
128,False,18,3,45,3,160.0,63,0.05,8,1.0,7,6,True,18
128,False,9,4,54,3,160.0,63,0.05,8,1.0,7,6,True,9
128,False,3,5,60,3,47.12388980384689,63,0.05,8,0.2945243112740431,7,6,True,3
128,True,0,6,63,3,0.0,63,0.05,8,0.0,7,6,True,0
128,False,63,0,0,3,80.0,63,0.1,8,1.0,7,6,True,63
128,False,45,1,18,3,80.0,63,0.1,8,1.0,7,6,True,45
128,False,30,2,33,3,80.0,63,0.1,8,1.0,7,6,True,30
128,False,18,3,45,3,80.0,63,0.1,8,1.0,7,6,True,18
128,False,9,4,54,3,80.0,63,0.1,8,1.0,7,6,True,9
128,False,3,5,60,3,23.561944901923447,63,0.1,8,0.2945243112740431,7,6,True,3
128,True,0,6,63,3,0.0,63,0.1,8,0.0,7,6,True,0
128,False,63,0,0,3,40.0,63,0.2,8,1.0,7,6,True,63
128,False,45,1,18,3,40.0,63,0.2,8,1.0,7,6,True,45
128,False,30,2,33,3,40.0,63,0.2,8,1.0,7,6,True,30
128,False,18,3,45,3,40.0,63,0.2,8,1.0,7,6,True,18
128,False,9,4,54,3,40.0,63,0.2,8,1.0,7,6,True,9
128,False,3,5,60,3,11.780972450961723,63,0.2,8,0.2945243112740431,7,6,True,3
128,True,0,6,63,3,0.0,63,0.2,8,0.0,7,6,True,0
128,False,63,0,0,3,240.0,63,0.05,12,1.0,7,6,True,63
128,False,45,1,18,3,240.0,63,0.05,12,1.0,7,6,True,45
128,False,30,2,33,3,240.0,63,0.05,12,1.0,7,6,True,30
128,False,18,3,45,3,240.0,63,0.05,12,1.0,7,6,True,18
128,False,9,4,54,3,240.0,63,0.05,12,1.0,7,6,True,9
128,False,3,5,60,3,70.68583470577035,63,0.05,12,0.2945243112740431,7,6,True,3
128,True,0,6,63,3,0.0,63,0.05,12,0.0,7,6,True,0
128,False,63,0,0,3,120.0,63,0.1,12,1.0,7,6,True,63
128,False,45,1,18,3,120.0,63,0.1,12,1.0,7,6,True,45
128,False,30,2,33,3,120.0,63,0.1,12,1.0,7,6,True,30
128,False,18,3,45,3,120.0,63,0.1,12,1.0,7,6,True,18
128,False,9,4,54,3,120.0,63,0.1,12,1.0,7,6,True,9
128,False,3,5,60,3,35.34291735288517,63,0.1,12,0.2945243112740431,7,6,True,3
128,True,0,6,63,3,0.0,63,0.1,12,0.0,7,6,True,0
128,False,63,0,0,3,60.0,63,0.2,12,1.0,7,6,True,63
128,False,45,1,18,3,60.0,63,0.2,12,1.0,7,6,True,45
128,False,30,2,33,3,60.0,63,0.2,12,1.0,7,6,True,30
128,False,18,3,45,3,60.0,63,0.2,12,1.0,7,6,True,18
128,False,9,4,54,3,60.0,63,0.2,12,1.0,7,6,True,9
128,False,3,5,60,3,17.671458676442587,63,0.2,12,0.2945243112740431,7,6,True,3
128,True,0,6,63,3,0.0,63,0.2,12,0.0,7,6,True,0
128,False,63,0,0,3,480.0,63,0.05,24,1.0,7,6,True,63
128,False,45,1,18,3,480.0,63,0.05,24,1.0,7,6,True,45
128,False,30,2,33,3,480.0,63,0.05,24,1.0,7,6,True,30
128,False,18,3,45,3,480.0,63,0.05,24,1.0,7,6,True,18
128,False,9,4,54,3,480.0,63,0.05,24,1.0,7,6,True,9
128,False,3,5,60,3,141.3716694115407,63,0.05,24,0.2945243112740431,7,6,True,3
128,True,0,6,63,3,0.0,63,0.05,24,0.0,7,6,True,0
128,False,63,0,0,3,240.0,63,0.1,24,1.0,7,6,True,63
128,False,45,1,18,3,240.0,63,0.1,24,1.0,7,6,True,45
128,False,30,2,33,3,240.0,63,0.1,24,1.0,7,6,True,30
128,False,18,3,45,3,240.0,63,0.1,24,1.0,7,6,True,18
128,False,9,4,54,3,240.0,63,0.1,24,1.0,7,6,True,9
128,False,3,5,60,3,70.68583470577035,63,0.1,24,0.2945243112740431,7,6,True,3
128,True,0,6,63,3,0.0,63,0.1,24,0.0,7,6,True,0
128,False,63,0,0,3,120.0,63,0.2,24,1.0,7,6,True,63
128,False,45,1,18,3,120.0,63,0.2,24,1.0,7,6,True,45
128,False,30,2,33,3,120.0,63,0.2,24,1.0,7,6,True,30
128,False,18,3,45,3,120.0,63,0.2,24,1.0,7,6,True,18
128,False,9,4,54,3,120.0,63,0.2,24,1.0,7,6,True,9
128,False,3,5,60,3,35.34291735288517,63,0.2,24,0.2945243112740431,7,6,True,3
128,True,0,6,63,3,0.0,63,0.2,24,0.0,7,6,True,0
8,False,12,0,0,4,80.0,12,0.05,4,1.0,3,2,True,12
8,False,4,1,8,4,80.0,12,0.05,4,1.0,3,2,True,4
8,True,0,2,12,4,0.0,12,0.05,4,0.0,3,2,True,0
8,False,12,0,0,4,40.0,12,0.1,4,1.0,3,2,True,12
8,False,4,1,8,4,40.0,12,0.1,4,1.0,3,2,True,4
8,True,0,2,12,4,0.0,12,0.1,4,0.0,3,2,True,0
8,False,12,0,0,4,20.0,12,0.2,4,1.0,3,2,True,12
8,False,4,1,8,4,20.0,12,0.2,4,1.0,3,2,True,4
8,True,0,2,12,4,0.0,12,0.2,4,0.0,3,2,True,0
8,False,12,0,0,4,160.0,12,0.05,8,1.0,3,2,True,12
8,False,4,1,8,4,160.0,12,0.05,8,1.0,3,2,True,4
8,True,0,2,12,4,0.0,12,0.05,8,0.0,3,2,True,0
8,False,12,0,0,4,80.0,12,0.1,8,1.0,3,2,True,12
8,False,4,1,8,4,80.0,12,0.1,8,1.0,3,2,True,4
8,True,0,2,12,4,0.0,12,0.1,8,0.0,3,2,True,0
8,False,12,0,0,4,40.0,12,0.2,8,1.0,3,2,True,12
8,False,4,1,8,4,40.0,12,0.2,8,1.0,3,2,True,4
8,True,0,2,12,4,0.0,12,0.2,8,0.0,3,2,True,0
8,False,12,0,0,4,240.0,12,0.05,12,1.0,3,2,True,12
8,False,4,1,8,4,240.0,12,0.05,12,1.0,3,2,True,4
8,True,0,2,12,4,0.0,12,0.05,12,0.0,3,2,True,0
8,False,12,0,0,4,120.0,12,0.1,12,1.0,3,2,True,12
8,False,4,1,8,4,120.0,12,0.1,12,1.0,3,2,True,4
8,True,0,2,12,4,0.0,12,0.1,12,0.0,3,2,True,0
8,False,12,0,0,4,60.0,12,0.2,12,1.0,3,2,True,12
8,False,4,1,8,4,60.0,12,0.2,12,1.0,3,2,True,4
8,True,0,2,12,4,0.0,12,0.2,12,0.0,3,2,True,0
8,False,12,0,0,4,480.0,12,0.05,24,1.0,3,2,True,12
8,False,4,1,8,4,480.0,12,0.05,24,1.0,3,2,True,4
8,True,0,2,12,4,0.0,12,0.05,24,0.0,3,2,True,0
8,False,12,0,0,4,240.0,12,0.1,24,1.0,3,2,True,12
8,False,4,1,8,4,240.0,12,0.1,24,1.0,3,2,True,4
8,True,0,2,12,4,0.0,12,0.1,24,0.0,3,2,True,0
8,False,12,0,0,4,120.0,12,0.2,24,1.0,3,2,True,12
8,False,4,1,8,4,120.0,12,0.2,24,1.0,3,2,True,4
8,True,0,2,12,4,0.0,12,0.2,24,0.0,3,2,True,0
16,False,24,0,0,4,80.0,24,0.05,4,1.0,4,3,True,24
16,False,12,1,12,4,80.0,24,0.05,4,1.0,4,3,True,12
16,False,4,2,20,4,80.0,24,0.05,4,1.0,4,3,True,4
16,True,0,3,24,4,0.0,24,0.05,4,0.0,4,3,True,0
16,False,24,0,0,4,40.0,24,0.1,4,1.0,4,3,True,24
16,False,12,1,12,4,40.0,24,0.1,4,1.0,4,3,True,12
16,False,4,2,20,4,40.0,24,0.1,4,1.0,4,3,True,4
16,True,0,3,24,4,0.0,24,0.1,4,0.0,4,3,True,0
16,False,24,0,0,4,20.0,24,0.2,4,1.0,4,3,True,24
16,False,12,1,12,4,20.0,24,0.2,4,1.0,4,3,True,12
16,False,4,2,20,4,20.0,24,0.2,4,1.0,4,3,True,4
16,True,0,3,24,4,0.0,24,0.2,4,0.0,4,3,True,0
16,False,24,0,0,4,160.0,24,0.05,8,1.0,4,3,True,24
16,False,12,1,12,4,160.0,24,0.05,8,1.0,4,3,True,12
16,False,4,2,20,4,160.0,24,0.05,8,1.0,4,3,True,4
16,True,0,3,24,4,0.0,24,0.05,8,0.0,4,3,True,0
16,False,24,0,0,4,80.0,24,0.1,8,1.0,4,3,True,24
16,False,12,1,12,4,80.0,24,0.1,8,1.0,4,3,True,12
16,False,4,2,20,4,80.0,24,0.1,8,1.0,4,3,True,4
16,True,0,3,24,4,0.0,24,0.1,8,0.0,4,3,True,0
16,False,24,0,0,4,40.0,24,0.2,8,1.0,4,3,True,24
16,False,12,1,12,4,40.0,24,0.2,8,1.0,4,3,True,12
16,False,4,2,20,4,40.0,24,0.2,8,1.0,4,3,True,4
16,True,0,3,24,4,0.0,24,0.2,8,0.0,4,3,True,0
16,False,24,0,0,4,240.0,24,0.05,12,1.0,4,3,True,24
16,False,12,1,12,4,240.0,24,0.05,12,1.0,4,3,True,12
16,False,4,2,20,4,240.0,24,0.05,12,1.0,4,3,True,4
16,True,0,3,24,4,0.0,24,0.05,12,0.0,4,3,True,0
16,False,24,0,0,4,120.0,24,0.1,12,1.0,4,3,True,24
16,False,12,1,12,4,120.0,24,0.1,12,1.0,4,3,True,12
16,False,4,2,20,4,120.0,24,0.1,12,1.0,4,3,True,4
16,True,0,3,24,4,0.0,24,0.1,12,0.0,4,3,True,0
16,False,24,0,0,4,60.0,24,0.2,12,1.0,4,3,True,24
16,False,12,1,12,4,60.0,24,0.2,12,1.0,4,3,True,12
16,False,4,2,20,4,60.0,24,0.2,12,1.0,4,3,True,4
16,True,0,3,24,4,0.0,24,0.2,12,0.0,4,3,True,0
16,False,24,0,0,4,480.0,24,0.05,24,1.0,4,3,True,24
16,False,12,1,12,4,480.0,24,0.05,24,1.0,4,3,True,12
16,False,4,2,20,4,480.0,24,0.05,24,1.0,4,3,True,4
16,True,0,3,24,4,0.0,24,0.05,24,0.0,4,3,True,0
16,False,24,0,0,4,240.0,24,0.1,24,1.0,4,3,True,24
16,False,12,1,12,4,240.0,24,0.1,24,1.0,4,3,True,12
16,False,4,2,20,4,240.0,24,0.1,24,1.0,4,3,True,4
16,True,0,3,24,4,0.0,24,0.1,24,0.0,4,3,True,0
16,False,24,0,0,4,120.0,24,0.2,24,1.0,4,3,True,24
16,False,12,1,12,4,120.0,24,0.2,24,1.0,4,3,True,12
16,False,4,2,20,4,120.0,24,0.2,24,1.0,4,3,True,4
16,True,0,3,24,4,0.0,24,0.2,24,0.0,4,3,True,0
32,False,40,0,0,4,80.0,40,0.05,4,1.0,5,4,True,40
32,False,24,1,16,4,80.0,40,0.05,4,1.0,5,4,True,24
32,False,12,2,28,4,80.0,40,0.05,4,1.0,5,4,True,12
32,False,4,3,36,4,80.0,40,0.05,4,1.0,5,4,True,4
32,True,0,4,40,4,0.0,40,0.05,4,0.0,5,4,True,0
32,False,40,0,0,4,40.0,40,0.1,4,1.0,5,4,True,40
32,False,24,1,16,4,40.0,40,0.1,4,1.0,5,4,True,24
32,False,12,2,28,4,40.0,40,0.1,4,1.0,5,4,True,12
32,False,4,3,36,4,40.0,40,0.1,4,1.0,5,4,True,4
32,True,0,4,40,4,0.0,40,0.1,4,0.0,5,4,True,0
32,False,40,0,0,4,20.0,40,0.2,4,1.0,5,4,True,40
32,False,24,1,16,4,20.0,40,0.2,4,1.0,5,4,True,24
32,False,12,2,28,4,20.0,40,0.2,4,1.0,5,4,True,12
32,False,4,3,36,4,20.0,40,0.2,4,1.0,5,4,True,4
32,True,0,4,40,4,0.0,40,0.2,4,0.0,5,4,True,0
32,False,40,0,0,4,160.0,40,0.05,8,1.0,5,4,True,40
32,False,24,1,16,4,160.0,40,0.05,8,1.0,5,4,True,24
32,False,12,2,28,4,160.0,40,0.05,8,1.0,5,4,True,12
32,False,4,3,36,4,160.0,40,0.05,8,1.0,5,4,True,4
32,True,0,4,40,4,0.0,40,0.05,8,0.0,5,4,True,0
32,False,40,0,0,4,80.0,40,0.1,8,1.0,5,4,True,40
32,False,24,1,16,4,80.0,40,0.1,8,1.0,5,4,True,24
32,False,12,2,28,4,80.0,40,0.1,8,1.0,5,4,True,12
32,False,4,3,36,4,80.0,40,0.1,8,1.0,5,4,True,4
32,True,0,4,40,4,0.0,40,0.1,8,0.0,5,4,True,0
32,False,40,0,0,4,40.0,40,0.2,8,1.0,5,4,True,40
32,False,24,1,16,4,40.0,40,0.2,8,1.0,5,4,True,24
32,False,12,2,28,4,40.0,40,0.2,8,1.0,5,4,True,12
32,False,4,3,36,4,40.0,40,0.2,8,1.0,5,4,True,4
32,True,0,4,40,4,0.0,40,0.2,8,0.0,5,4,True,0
32,False,40,0,0,4,240.0,40,0.05,12,1.0,5,4,True,40
32,False,24,1,16,4,240.0,40,0.05,12,1.0,5,4,True,24
32,False,12,2,28,4,240.0,40,0.05,12,1.0,5,4,True,12
32,False,4,3,36,4,240.0,40,0.05,12,1.0,5,4,True,4
32,True,0,4,40,4,0.0,40,0.05,12,0.0,5,4,True,0
32,False,40,0,0,4,120.0,40,0.1,12,1.0,5,4,True,40
32,False,24,1,16,4,120.0,40,0.1,12,1.0,5,4,True,24
32,False,12,2,28,4,120.0,40,0.1,12,1.0,5,4,True,12
32,False,4,3,36,4,120.0,40,0.1,12,1.0,5,4,True,4
32,True,0,4,40,4,0.0,40,0.1,12,0.0,5,4,True,0
32,False,40,0,0,4,60.0,40,0.2,12,1.0,5,4,True,40
32,False,24,1,16,4,60.0,40,0.2,12,1.0,5,4,True,24
32,False,12,2,28,4,60.0,40,0.2,12,1.0,5,4,True,12
32,False,4,3,36,4,60.0,40,0.2,12,1.0,5,4,True,4
32,True,0,4,40,4,0.0,40,0.2,12,0.0,5,4,True,0
32,False,40,0,0,4,480.0,40,0.05,24,1.0,5,4,True,40
32,False,24,1,16,4,480.0,40,0.05,24,1.0,5,4,True,24
32,False,12,2,28,4,480.0,40,0.05,24,1.0,5,4,True,12
32,False,4,3,36,4,480.0,40,0.05,24,1.0,5,4,True,4
32,True,0,4,40,4,0.0,40,0.05,24,0.0,5,4,True,0
32,False,40,0,0,4,240.0,40,0.1,24,1.0,5,4,True,40
32,False,24,1,16,4,240.0,40,0.1,24,1.0,5,4,True,24
32,False,12,2,28,4,240.0,40,0.1,24,1.0,5,4,True,12
32,False,4,3,36,4,240.0,40,0.1,24,1.0,5,4,True,4
32,True,0,4,40,4,0.0,40,0.1,24,0.0,5,4,True,0
32,False,40,0,0,4,120.0,40,0.2,24,1.0,5,4,True,40
32,False,24,1,16,4,120.0,40,0.2,24,1.0,5,4,True,24
32,False,12,2,28,4,120.0,40,0.2,24,1.0,5,4,True,12
32,False,4,3,36,4,120.0,40,0.2,24,1.0,5,4,True,4
32,True,0,4,40,4,0.0,40,0.2,24,0.0,5,4,True,0
64,False,60,0,0,4,80.0,60,0.05,4,1.0,6,5,True,60
64,False,40,1,20,4,80.0,60,0.05,4,1.0,6,5,True,40
64,False,24,2,36,4,80.0,60,0.05,4,1.0,6,5,True,24
64,False,12,3,48,4,80.0,60,0.05,4,1.0,6,5,True,12
64,False,4,4,56,4,62.83185307179586,60,0.05,4,0.7853981633974483,6,5,True,4
64,True,0,5,60,4,0.0,60,0.05,4,0.0,6,5,True,0
64,False,60,0,0,4,40.0,60,0.1,4,1.0,6,5,True,60
64,False,40,1,20,4,40.0,60,0.1,4,1.0,6,5,True,40
64,False,24,2,36,4,40.0,60,0.1,4,1.0,6,5,True,24
64,False,12,3,48,4,40.0,60,0.1,4,1.0,6,5,True,12
64,False,4,4,56,4,31.41592653589793,60,0.1,4,0.7853981633974483,6,5,True,4
64,True,0,5,60,4,0.0,60,0.1,4,0.0,6,5,True,0
64,False,60,0,0,4,20.0,60,0.2,4,1.0,6,5,True,60
64,False,40,1,20,4,20.0,60,0.2,4,1.0,6,5,True,40
64,False,24,2,36,4,20.0,60,0.2,4,1.0,6,5,True,24
64,False,12,3,48,4,20.0,60,0.2,4,1.0,6,5,True,12
64,False,4,4,56,4,15.707963267948966,60,0.2,4,0.7853981633974483,6,5,True,4
64,True,0,5,60,4,0.0,60,0.2,4,0.0,6,5,True,0
64,False,60,0,0,4,160.0,60,0.05,8,1.0,6,5,True,60
64,False,40,1,20,4,160.0,60,0.05,8,1.0,6,5,True,40
64,False,24,2,36,4,160.0,60,0.05,8,1.0,6,5,True,24
64,False,12,3,48,4,160.0,60,0.05,8,1.0,6,5,True,12
64,False,4,4,56,4,125.66370614359172,60,0.05,8,0.7853981633974483,6,5,True,4
64,True,0,5,60,4,0.0,60,0.05,8,0.0,6,5,True,0
64,False,60,0,0,4,80.0,60,0.1,8,1.0,6,5,True,60
64,False,40,1,20,4,80.0,60,0.1,8,1.0,6,5,True,40
64,False,24,2,36,4,80.0,60,0.1,8,1.0,6,5,True,24
64,False,12,3,48,4,80.0,60,0.1,8,1.0,6,5,True,12
64,False,4,4,56,4,62.83185307179586,60,0.1,8,0.7853981633974483,6,5,True,4
64,True,0,5,60,4,0.0,60,0.1,8,0.0,6,5,True,0
64,False,60,0,0,4,40.0,60,0.2,8,1.0,6,5,True,60
64,False,40,1,20,4,40.0,60,0.2,8,1.0,6,5,True,40
64,False,24,2,36,4,40.0,60,0.2,8,1.0,6,5,True,24
64,False,12,3,48,4,40.0,60,0.2,8,1.0,6,5,True,12
64,False,4,4,56,4,31.41592653589793,60,0.2,8,0.7853981633974483,6,5,True,4
64,True,0,5,60,4,0.0,60,0.2,8,0.0,6,5,True,0
64,False,60,0,0,4,240.0,60,0.05,12,1.0,6,5,True,60
64,False,40,1,20,4,240.0,60,0.05,12,1.0,6,5,True,40
64,False,24,2,36,4,240.0,60,0.05,12,1.0,6,5,True,24
64,False,12,3,48,4,240.0,60,0.05,12,1.0,6,5,True,12
64,False,4,4,56,4,188.49555921538757,60,0.05,12,0.7853981633974483,6,5,True,4
64,True,0,5,60,4,0.0,60,0.05,12,0.0,6,5,True,0
64,False,60,0,0,4,120.0,60,0.1,12,1.0,6,5,True,60
64,False,40,1,20,4,120.0,60,0.1,12,1.0,6,5,True,40
64,False,24,2,36,4,120.0,60,0.1,12,1.0,6,5,True,24
64,False,12,3,48,4,120.0,60,0.1,12,1.0,6,5,True,12
64,False,4,4,56,4,94.24777960769379,60,0.1,12,0.7853981633974483,6,5,True,4
64,True,0,5,60,4,0.0,60,0.1,12,0.0,6,5,True,0
64,False,60,0,0,4,60.0,60,0.2,12,1.0,6,5,True,60
64,False,40,1,20,4,60.0,60,0.2,12,1.0,6,5,True,40
64,False,24,2,36,4,60.0,60,0.2,12,1.0,6,5,True,24
64,False,12,3,48,4,60.0,60,0.2,12,1.0,6,5,True,12
64,False,4,4,56,4,47.12388980384689,60,0.2,12,0.7853981633974483,6,5,True,4
64,True,0,5,60,4,0.0,60,0.2,12,0.0,6,5,True,0
64,False,60,0,0,4,480.0,60,0.05,24,1.0,6,5,True,60
64,False,40,1,20,4,480.0,60,0.05,24,1.0,6,5,True,40
64,False,24,2,36,4,480.0,60,0.05,24,1.0,6,5,True,24
64,False,12,3,48,4,480.0,60,0.05,24,1.0,6,5,True,12
64,False,4,4,56,4,376.99111843077515,60,0.05,24,0.7853981633974483,6,5,True,4
64,True,0,5,60,4,0.0,60,0.05,24,0.0,6,5,True,0
64,False,60,0,0,4,240.0,60,0.1,24,1.0,6,5,True,60
64,False,40,1,20,4,240.0,60,0.1,24,1.0,6,5,True,40
64,False,24,2,36,4,240.0,60,0.1,24,1.0,6,5,True,24
64,False,12,3,48,4,240.0,60,0.1,24,1.0,6,5,True,12
64,False,4,4,56,4,188.49555921538757,60,0.1,24,0.7853981633974483,6,5,True,4
64,True,0,5,60,4,0.0,60,0.1,24,0.0,6,5,True,0
64,False,60,0,0,4,120.0,60,0.2,24,1.0,6,5,True,60
64,False,40,1,20,4,120.0,60,0.2,24,1.0,6,5,True,40
64,False,24,2,36,4,120.0,60,0.2,24,1.0,6,5,True,24
64,False,12,3,48,4,120.0,60,0.2,24,1.0,6,5,True,12
64,False,4,4,56,4,94.24777960769379,60,0.2,24,0.7853981633974483,6,5,True,4
64,True,0,5,60,4,0.0,60,0.2,24,0.0,6,5,True,0
128,False,84,0,0,4,80.0,84,0.05,4,1.0,7,6,True,84
128,False,60,1,24,4,80.0,84,0.05,4,1.0,7,6,True,60
128,False,40,2,44,4,80.0,84,0.05,4,1.0,7,6,True,40
128,False,24,3,60,4,80.0,84,0.05,4,1.0,7,6,True,24
128,False,12,4,72,4,80.0,84,0.05,4,1.0,7,6,True,12
128,False,4,5,80,4,31.41592653589793,84,0.05,4,0.39269908169872414,7,6,True,4
128,True,0,6,84,4,0.0,84,0.05,4,0.0,7,6,True,0
128,False,84,0,0,4,40.0,84,0.1,4,1.0,7,6,True,84
128,False,60,1,24,4,40.0,84,0.1,4,1.0,7,6,True,60
128,False,40,2,44,4,40.0,84,0.1,4,1.0,7,6,True,40
128,False,24,3,60,4,40.0,84,0.1,4,1.0,7,6,True,24
128,False,12,4,72,4,40.0,84,0.1,4,1.0,7,6,True,12
128,False,4,5,80,4,15.707963267948966,84,0.1,4,0.39269908169872414,7,6,True,4
128,True,0,6,84,4,0.0,84,0.1,4,0.0,7,6,True,0
128,False,84,0,0,4,20.0,84,0.2,4,1.0,7,6,True,84
128,False,60,1,24,4,20.0,84,0.2,4,1.0,7,6,True,60
128,False,40,2,44,4,20.0,84,0.2,4,1.0,7,6,True,40
128,False,24,3,60,4,20.0,84,0.2,4,1.0,7,6,True,24
128,False,12,4,72,4,20.0,84,0.2,4,1.0,7,6,True,12
128,False,4,5,80,4,7.853981633974483,84,0.2,4,0.39269908169872414,7,6,True,4
128,True,0,6,84,4,0.0,84,0.2,4,0.0,7,6,True,0
128,False,84,0,0,4,160.0,84,0.05,8,1.0,7,6,True,84
128,False,60,1,24,4,160.0,84,0.05,8,1.0,7,6,True,60
128,False,40,2,44,4,160.0,84,0.05,8,1.0,7,6,True,40
128,False,24,3,60,4,160.0,84,0.05,8,1.0,7,6,True,24
128,False,12,4,72,4,160.0,84,0.05,8,1.0,7,6,True,12
128,False,4,5,80,4,62.83185307179586,84,0.05,8,0.39269908169872414,7,6,True,4
128,True,0,6,84,4,0.0,84,0.05,8,0.0,7,6,True,0
128,False,84,0,0,4,80.0,84,0.1,8,1.0,7,6,True,84
128,False,60,1,24,4,80.0,84,0.1,8,1.0,7,6,True,60
128,False,40,2,44,4,80.0,84,0.1,8,1.0,7,6,True,40
128,False,24,3,60,4,80.0,84,0.1,8,1.0,7,6,True,24
128,False,12,4,72,4,80.0,84,0.1,8,1.0,7,6,True,12
128,False,4,5,80,4,31.41592653589793,84,0.1,8,0.39269908169872414,7,6,True,4
128,True,0,6,84,4,0.0,84,0.1,8,0.0,7,6,True,0
128,False,84,0,0,4,40.0,84,0.2,8,1.0,7,6,True,84
128,False,60,1,24,4,40.0,84,0.2,8,1.0,7,6,True,60
128,False,40,2,44,4,40.0,84,0.2,8,1.0,7,6,True,40
128,False,24,3,60,4,40.0,84,0.2,8,1.0,7,6,True,24
128,False,12,4,72,4,40.0,84,0.2,8,1.0,7,6,True,12
128,False,4,5,80,4,15.707963267948966,84,0.2,8,0.39269908169872414,7,6,True,4
128,True,0,6,84,4,0.0,84,0.2,8,0.0,7,6,True,0
128,False,84,0,0,4,240.0,84,0.05,12,1.0,7,6,True,84
128,False,60,1,24,4,240.0,84,0.05,12,1.0,7,6,True,60
128,False,40,2,44,4,240.0,84,0.05,12,1.0,7,6,True,40
128,False,24,3,60,4,240.0,84,0.05,12,1.0,7,6,True,24
128,False,12,4,72,4,240.0,84,0.05,12,1.0,7,6,True,12
128,False,4,5,80,4,94.24777960769379,84,0.05,12,0.39269908169872414,7,6,True,4
128,True,0,6,84,4,0.0,84,0.05,12,0.0,7,6,True,0
128,False,84,0,0,4,120.0,84,0.1,12,1.0,7,6,True,84
128,False,60,1,24,4,120.0,84,0.1,12,1.0,7,6,True,60
128,False,40,2,44,4,120.0,84,0.1,12,1.0,7,6,True,40
128,False,24,3,60,4,120.0,84,0.1,12,1.0,7,6,True,24
128,False,12,4,72,4,120.0,84,0.1,12,1.0,7,6,True,12
128,False,4,5,80,4,47.12388980384689,84,0.1,12,0.39269908169872414,7,6,True,4
128,True,0,6,84,4,0.0,84,0.1,12,0.0,7,6,True,0
128,False,84,0,0,4,60.0,84,0.2,12,1.0,7,6,True,84
128,False,60,1,24,4,60.0,84,0.2,12,1.0,7,6,True,60
128,False,40,2,44,4,60.0,84,0.2,12,1.0,7,6,True,40
128,False,24,3,60,4,60.0,84,0.2,12,1.0,7,6,True,24
128,False,12,4,72,4,60.0,84,0.2,12,1.0,7,6,True,12
128,False,4,5,80,4,23.561944901923447,84,0.2,12,0.39269908169872414,7,6,True,4
128,True,0,6,84,4,0.0,84,0.2,12,0.0,7,6,True,0
128,False,84,0,0,4,480.0,84,0.05,24,1.0,7,6,True,84
128,False,60,1,24,4,480.0,84,0.05,24,1.0,7,6,True,60
128,False,40,2,44,4,480.0,84,0.05,24,1.0,7,6,True,40
128,False,24,3,60,4,480.0,84,0.05,24,1.0,7,6,True,24
128,False,12,4,72,4,480.0,84,0.05,24,1.0,7,6,True,12
128,False,4,5,80,4,188.49555921538757,84,0.05,24,0.39269908169872414,7,6,True,4
128,True,0,6,84,4,0.0,84,0.05,24,0.0,7,6,True,0
128,False,84,0,0,4,240.0,84,0.1,24,1.0,7,6,True,84
128,False,60,1,24,4,240.0,84,0.1,24,1.0,7,6,True,60
128,False,40,2,44,4,240.0,84,0.1,24,1.0,7,6,True,40
128,False,24,3,60,4,240.0,84,0.1,24,1.0,7,6,True,24
128,False,12,4,72,4,240.0,84,0.1,24,1.0,7,6,True,12
128,False,4,5,80,4,94.24777960769379,84,0.1,24,0.39269908169872414,7,6,True,4
128,True,0,6,84,4,0.0,84,0.1,24,0.0,7,6,True,0
128,False,84,0,0,4,120.0,84,0.2,24,1.0,7,6,True,84
128,False,60,1,24,4,120.0,84,0.2,24,1.0,7,6,True,60
128,False,40,2,44,4,120.0,84,0.2,24,1.0,7,6,True,40
128,False,24,3,60,4,120.0,84,0.2,24,1.0,7,6,True,24
128,False,12,4,72,4,120.0,84,0.2,24,1.0,7,6,True,12
128,False,4,5,80,4,47.12388980384689,84,0.2,24,0.39269908169872414,7,6,True,4
128,True,0,6,84,4,0.0,84,0.2,24,0.0,7,6,True,0
8,False,15,0,0,5,80.0,15,0.05,4,1.0,3,2,True,15
8,False,5,1,10,5,80.0,15,0.05,4,1.0,3,2,True,5
8,True,0,2,15,5,0.0,15,0.05,4,0.0,3,2,True,0
8,False,15,0,0,5,40.0,15,0.1,4,1.0,3,2,True,15
8,False,5,1,10,5,40.0,15,0.1,4,1.0,3,2,True,5
8,True,0,2,15,5,0.0,15,0.1,4,0.0,3,2,True,0
8,False,15,0,0,5,20.0,15,0.2,4,1.0,3,2,True,15
8,False,5,1,10,5,20.0,15,0.2,4,1.0,3,2,True,5
8,True,0,2,15,5,0.0,15,0.2,4,0.0,3,2,True,0
8,False,15,0,0,5,160.0,15,0.05,8,1.0,3,2,True,15
8,False,5,1,10,5,160.0,15,0.05,8,1.0,3,2,True,5
8,True,0,2,15,5,0.0,15,0.05,8,0.0,3,2,True,0
8,False,15,0,0,5,80.0,15,0.1,8,1.0,3,2,True,15
8,False,5,1,10,5,80.0,15,0.1,8,1.0,3,2,True,5
8,True,0,2,15,5,0.0,15,0.1,8,0.0,3,2,True,0
8,False,15,0,0,5,40.0,15,0.2,8,1.0,3,2,True,15
8,False,5,1,10,5,40.0,15,0.2,8,1.0,3,2,True,5
8,True,0,2,15,5,0.0,15,0.2,8,0.0,3,2,True,0
8,False,15,0,0,5,240.0,15,0.05,12,1.0,3,2,True,15
8,False,5,1,10,5,240.0,15,0.05,12,1.0,3,2,True,5
8,True,0,2,15,5,0.0,15,0.05,12,0.0,3,2,True,0
8,False,15,0,0,5,120.0,15,0.1,12,1.0,3,2,True,15
8,False,5,1,10,5,120.0,15,0.1,12,1.0,3,2,True,5
8,True,0,2,15,5,0.0,15,0.1,12,0.0,3,2,True,0
8,False,15,0,0,5,60.0,15,0.2,12,1.0,3,2,True,15
8,False,5,1,10,5,60.0,15,0.2,12,1.0,3,2,True,5
8,True,0,2,15,5,0.0,15,0.2,12,0.0,3,2,True,0
8,False,15,0,0,5,480.0,15,0.05,24,1.0,3,2,True,15
8,False,5,1,10,5,480.0,15,0.05,24,1.0,3,2,True,5
8,True,0,2,15,5,0.0,15,0.05,24,0.0,3,2,True,0
8,False,15,0,0,5,240.0,15,0.1,24,1.0,3,2,True,15
8,False,5,1,10,5,240.0,15,0.1,24,1.0,3,2,True,5
8,True,0,2,15,5,0.0,15,0.1,24,0.0,3,2,True,0
8,False,15,0,0,5,120.0,15,0.2,24,1.0,3,2,True,15
8,False,5,1,10,5,120.0,15,0.2,24,1.0,3,2,True,5
8,True,0,2,15,5,0.0,15,0.2,24,0.0,3,2,True,0
16,False,30,0,0,5,80.0,30,0.05,4,1.0,4,3,True,30
16,False,15,1,15,5,80.0,30,0.05,4,1.0,4,3,True,15
16,False,5,2,25,5,80.0,30,0.05,4,1.0,4,3,True,5
16,True,0,3,30,5,0.0,30,0.05,4,0.0,4,3,True,0
16,False,30,0,0,5,40.0,30,0.1,4,1.0,4,3,True,30
16,False,15,1,15,5,40.0,30,0.1,4,1.0,4,3,True,15
16,False,5,2,25,5,40.0,30,0.1,4,1.0,4,3,True,5
16,True,0,3,30,5,0.0,30,0.1,4,0.0,4,3,True,0
16,False,30,0,0,5,20.0,30,0.2,4,1.0,4,3,True,30
16,False,15,1,15,5,20.0,30,0.2,4,1.0,4,3,True,15
16,False,5,2,25,5,20.0,30,0.2,4,1.0,4,3,True,5
16,True,0,3,30,5,0.0,30,0.2,4,0.0,4,3,True,0
16,False,30,0,0,5,160.0,30,0.05,8,1.0,4,3,True,30
16,False,15,1,15,5,160.0,30,0.05,8,1.0,4,3,True,15
16,False,5,2,25,5,160.0,30,0.05,8,1.0,4,3,True,5
16,True,0,3,30,5,0.0,30,0.05,8,0.0,4,3,True,0
16,False,30,0,0,5,80.0,30,0.1,8,1.0,4,3,True,30
16,False,15,1,15,5,80.0,30,0.1,8,1.0,4,3,True,15
16,False,5,2,25,5,80.0,30,0.1,8,1.0,4,3,True,5
16,True,0,3,30,5,0.0,30,0.1,8,0.0,4,3,True,0
16,False,30,0,0,5,40.0,30,0.2,8,1.0,4,3,True,30
16,False,15,1,15,5,40.0,30,0.2,8,1.0,4,3,True,15
16,False,5,2,25,5,40.0,30,0.2,8,1.0,4,3,True,5
16,True,0,3,30,5,0.0,30,0.2,8,0.0,4,3,True,0
16,False,30,0,0,5,240.0,30,0.05,12,1.0,4,3,True,30
16,False,15,1,15,5,240.0,30,0.05,12,1.0,4,3,True,15
16,False,5,2,25,5,240.0,30,0.05,12,1.0,4,3,True,5
16,True,0,3,30,5,0.0,30,0.05,12,0.0,4,3,True,0
16,False,30,0,0,5,120.0,30,0.1,12,1.0,4,3,True,30
16,False,15,1,15,5,120.0,30,0.1,12,1.0,4,3,True,15
16,False,5,2,25,5,120.0,30,0.1,12,1.0,4,3,True,5
16,True,0,3,30,5,0.0,30,0.1,12,0.0,4,3,True,0
16,False,30,0,0,5,60.0,30,0.2,12,1.0,4,3,True,30
16,False,15,1,15,5,60.0,30,0.2,12,1.0,4,3,True,15
16,False,5,2,25,5,60.0,30,0.2,12,1.0,4,3,True,5
16,True,0,3,30,5,0.0,30,0.2,12,0.0,4,3,True,0
16,False,30,0,0,5,480.0,30,0.05,24,1.0,4,3,True,30
16,False,15,1,15,5,480.0,30,0.05,24,1.0,4,3,True,15
16,False,5,2,25,5,480.0,30,0.05,24,1.0,4,3,True,5
16,True,0,3,30,5,0.0,30,0.05,24,0.0,4,3,True,0
16,False,30,0,0,5,240.0,30,0.1,24,1.0,4,3,True,30
16,False,15,1,15,5,240.0,30,0.1,24,1.0,4,3,True,15
16,False,5,2,25,5,240.0,30,0.1,24,1.0,4,3,True,5
16,True,0,3,30,5,0.0,30,0.1,24,0.0,4,3,True,0
16,False,30,0,0,5,120.0,30,0.2,24,1.0,4,3,True,30
16,False,15,1,15,5,120.0,30,0.2,24,1.0,4,3,True,15
16,False,5,2,25,5,120.0,30,0.2,24,1.0,4,3,True,5
16,True,0,3,30,5,0.0,30,0.2,24,0.0,4,3,True,0
32,False,50,0,0,5,80.0,50,0.05,4,1.0,5,4,True,50
32,False,30,1,20,5,80.0,50,0.05,4,1.0,5,4,True,30
32,False,15,2,35,5,80.0,50,0.05,4,1.0,5,4,True,15
32,False,5,3,45,5,80.0,50,0.05,4,1.0,5,4,True,5
32,True,0,4,50,5,0.0,50,0.05,4,0.0,5,4,True,0
32,False,50,0,0,5,40.0,50,0.1,4,1.0,5,4,True,50
32,False,30,1,20,5,40.0,50,0.1,4,1.0,5,4,True,30
32,False,15,2,35,5,40.0,50,0.1,4,1.0,5,4,True,15
32,False,5,3,45,5,40.0,50,0.1,4,1.0,5,4,True,5
32,True,0,4,50,5,0.0,50,0.1,4,0.0,5,4,True,0
32,False,50,0,0,5,20.0,50,0.2,4,1.0,5,4,True,50
32,False,30,1,20,5,20.0,50,0.2,4,1.0,5,4,True,30
32,False,15,2,35,5,20.0,50,0.2,4,1.0,5,4,True,15
32,False,5,3,45,5,20.0,50,0.2,4,1.0,5,4,True,5
32,True,0,4,50,5,0.0,50,0.2,4,0.0,5,4,True,0
32,False,50,0,0,5,160.0,50,0.05,8,1.0,5,4,True,50
32,False,30,1,20,5,160.0,50,0.05,8,1.0,5,4,True,30
32,False,15,2,35,5,160.0,50,0.05,8,1.0,5,4,True,15
32,False,5,3,45,5,160.0,50,0.05,8,1.0,5,4,True,5
32,True,0,4,50,5,0.0,50,0.05,8,0.0,5,4,True,0
32,False,50,0,0,5,80.0,50,0.1,8,1.0,5,4,True,50
32,False,30,1,20,5,80.0,50,0.1,8,1.0,5,4,True,30
32,False,15,2,35,5,80.0,50,0.1,8,1.0,5,4,True,15
32,False,5,3,45,5,80.0,50,0.1,8,1.0,5,4,True,5
32,True,0,4,50,5,0.0,50,0.1,8,0.0,5,4,True,0
32,False,50,0,0,5,40.0,50,0.2,8,1.0,5,4,True,50
32,False,30,1,20,5,40.0,50,0.2,8,1.0,5,4,True,30
32,False,15,2,35,5,40.0,50,0.2,8,1.0,5,4,True,15
32,False,5,3,45,5,40.0,50,0.2,8,1.0,5,4,True,5
32,True,0,4,50,5,0.0,50,0.2,8,0.0,5,4,True,0
32,False,50,0,0,5,240.0,50,0.05,12,1.0,5,4,True,50
32,False,30,1,20,5,240.0,50,0.05,12,1.0,5,4,True,30
32,False,15,2,35,5,240.0,50,0.05,12,1.0,5,4,True,15
32,False,5,3,45,5,240.0,50,0.05,12,1.0,5,4,True,5
32,True,0,4,50,5,0.0,50,0.05,12,0.0,5,4,True,0
32,False,50,0,0,5,120.0,50,0.1,12,1.0,5,4,True,50
32,False,30,1,20,5,120.0,50,0.1,12,1.0,5,4,True,30
32,False,15,2,35,5,120.0,50,0.1,12,1.0,5,4,True,15
32,False,5,3,45,5,120.0,50,0.1,12,1.0,5,4,True,5
32,True,0,4,50,5,0.0,50,0.1,12,0.0,5,4,True,0
32,False,50,0,0,5,60.0,50,0.2,12,1.0,5,4,True,50
32,False,30,1,20,5,60.0,50,0.2,12,1.0,5,4,True,30
32,False,15,2,35,5,60.0,50,0.2,12,1.0,5,4,True,15
32,False,5,3,45,5,60.0,50,0.2,12,1.0,5,4,True,5
32,True,0,4,50,5,0.0,50,0.2,12,0.0,5,4,True,0
32,False,50,0,0,5,480.0,50,0.05,24,1.0,5,4,True,50
32,False,30,1,20,5,480.0,50,0.05,24,1.0,5,4,True,30
32,False,15,2,35,5,480.0,50,0.05,24,1.0,5,4,True,15
32,False,5,3,45,5,480.0,50,0.05,24,1.0,5,4,True,5
32,True,0,4,50,5,0.0,50,0.05,24,0.0,5,4,True,0
32,False,50,0,0,5,240.0,50,0.1,24,1.0,5,4,True,50
32,False,30,1,20,5,240.0,50,0.1,24,1.0,5,4,True,30
32,False,15,2,35,5,240.0,50,0.1,24,1.0,5,4,True,15
32,False,5,3,45,5,240.0,50,0.1,24,1.0,5,4,True,5
32,True,0,4,50,5,0.0,50,0.1,24,0.0,5,4,True,0
32,False,50,0,0,5,120.0,50,0.2,24,1.0,5,4,True,50
32,False,30,1,20,5,120.0,50,0.2,24,1.0,5,4,True,30
32,False,15,2,35,5,120.0,50,0.2,24,1.0,5,4,True,15
32,False,5,3,45,5,120.0,50,0.2,24,1.0,5,4,True,5
32,True,0,4,50,5,0.0,50,0.2,24,0.0,5,4,True,0
64,False,75,0,0,5,80.0,75,0.05,4,1.0,6,5,True,75
64,False,50,1,25,5,80.0,75,0.05,4,1.0,6,5,True,50
64,False,30,2,45,5,80.0,75,0.05,4,1.0,6,5,True,30
64,False,15,3,60,5,80.0,75,0.05,4,1.0,6,5,True,15
64,False,5,4,70,5,78.53981633974482,75,0.05,4,0.9817477042468103,6,5,True,5
64,True,0,5,75,5,0.0,75,0.05,4,0.0,6,5,True,0
64,False,75,0,0,5,40.0,75,0.1,4,1.0,6,5,True,75
64,False,50,1,25,5,40.0,75,0.1,4,1.0,6,5,True,50
64,False,30,2,45,5,40.0,75,0.1,4,1.0,6,5,True,30
64,False,15,3,60,5,40.0,75,0.1,4,1.0,6,5,True,15
64,False,5,4,70,5,39.26990816987241,75,0.1,4,0.9817477042468103,6,5,True,5
64,True,0,5,75,5,0.0,75,0.1,4,0.0,6,5,True,0
64,False,75,0,0,5,20.0,75,0.2,4,1.0,6,5,True,75
64,False,50,1,25,5,20.0,75,0.2,4,1.0,6,5,True,50
64,False,30,2,45,5,20.0,75,0.2,4,1.0,6,5,True,30
64,False,15,3,60,5,20.0,75,0.2,4,1.0,6,5,True,15
64,False,5,4,70,5,19.634954084936204,75,0.2,4,0.9817477042468103,6,5,True,5
64,True,0,5,75,5,0.0,75,0.2,4,0.0,6,5,True,0
64,False,75,0,0,5,160.0,75,0.05,8,1.0,6,5,True,75
64,False,50,1,25,5,160.0,75,0.05,8,1.0,6,5,True,50
64,False,30,2,45,5,160.0,75,0.05,8,1.0,6,5,True,30
64,False,15,3,60,5,160.0,75,0.05,8,1.0,6,5,True,15
64,False,5,4,70,5,157.07963267948963,75,0.05,8,0.9817477042468103,6,5,True,5
64,True,0,5,75,5,0.0,75,0.05,8,0.0,6,5,True,0
64,False,75,0,0,5,80.0,75,0.1,8,1.0,6,5,True,75
64,False,50,1,25,5,80.0,75,0.1,8,1.0,6,5,True,50
64,False,30,2,45,5,80.0,75,0.1,8,1.0,6,5,True,30
64,False,15,3,60,5,80.0,75,0.1,8,1.0,6,5,True,15
64,False,5,4,70,5,78.53981633974482,75,0.1,8,0.9817477042468103,6,5,True,5
64,True,0,5,75,5,0.0,75,0.1,8,0.0,6,5,True,0
64,False,75,0,0,5,40.0,75,0.2,8,1.0,6,5,True,75
64,False,50,1,25,5,40.0,75,0.2,8,1.0,6,5,True,50
64,False,30,2,45,5,40.0,75,0.2,8,1.0,6,5,True,30
64,False,15,3,60,5,40.0,75,0.2,8,1.0,6,5,True,15
64,False,5,4,70,5,39.26990816987241,75,0.2,8,0.9817477042468103,6,5,True,5
64,True,0,5,75,5,0.0,75,0.2,8,0.0,6,5,True,0
64,False,75,0,0,5,240.0,75,0.05,12,1.0,6,5,True,75
64,False,50,1,25,5,240.0,75,0.05,12,1.0,6,5,True,50
64,False,30,2,45,5,240.0,75,0.05,12,1.0,6,5,True,30
64,False,15,3,60,5,240.0,75,0.05,12,1.0,6,5,True,15
64,False,5,4,70,5,235.61944901923445,75,0.05,12,0.9817477042468103,6,5,True,5
64,True,0,5,75,5,0.0,75,0.05,12,0.0,6,5,True,0
64,False,75,0,0,5,120.0,75,0.1,12,1.0,6,5,True,75
64,False,50,1,25,5,120.0,75,0.1,12,1.0,6,5,True,50
64,False,30,2,45,5,120.0,75,0.1,12,1.0,6,5,True,30
64,False,15,3,60,5,120.0,75,0.1,12,1.0,6,5,True,15
64,False,5,4,70,5,117.80972450961723,75,0.1,12,0.9817477042468103,6,5,True,5
64,True,0,5,75,5,0.0,75,0.1,12,0.0,6,5,True,0
64,False,75,0,0,5,60.0,75,0.2,12,1.0,6,5,True,75
64,False,50,1,25,5,60.0,75,0.2,12,1.0,6,5,True,50
64,False,30,2,45,5,60.0,75,0.2,12,1.0,6,5,True,30
64,False,15,3,60,5,60.0,75,0.2,12,1.0,6,5,True,15
64,False,5,4,70,5,58.90486225480861,75,0.2,12,0.9817477042468103,6,5,True,5
64,True,0,5,75,5,0.0,75,0.2,12,0.0,6,5,True,0
64,False,75,0,0,5,480.0,75,0.05,24,1.0,6,5,True,75
64,False,50,1,25,5,480.0,75,0.05,24,1.0,6,5,True,50
64,False,30,2,45,5,480.0,75,0.05,24,1.0,6,5,True,30
64,False,15,3,60,5,480.0,75,0.05,24,1.0,6,5,True,15
64,False,5,4,70,5,471.2388980384689,75,0.05,24,0.9817477042468103,6,5,True,5
64,True,0,5,75,5,0.0,75,0.05,24,0.0,6,5,True,0
64,False,75,0,0,5,240.0,75,0.1,24,1.0,6,5,True,75
64,False,50,1,25,5,240.0,75,0.1,24,1.0,6,5,True,50
64,False,30,2,45,5,240.0,75,0.1,24,1.0,6,5,True,30
64,False,15,3,60,5,240.0,75,0.1,24,1.0,6,5,True,15
64,False,5,4,70,5,235.61944901923445,75,0.1,24,0.9817477042468103,6,5,True,5
64,True,0,5,75,5,0.0,75,0.1,24,0.0,6,5,True,0
64,False,75,0,0,5,120.0,75,0.2,24,1.0,6,5,True,75
64,False,50,1,25,5,120.0,75,0.2,24,1.0,6,5,True,50
64,False,30,2,45,5,120.0,75,0.2,24,1.0,6,5,True,30
64,False,15,3,60,5,120.0,75,0.2,24,1.0,6,5,True,15
64,False,5,4,70,5,117.80972450961723,75,0.2,24,0.9817477042468103,6,5,True,5
64,True,0,5,75,5,0.0,75,0.2,24,0.0,6,5,True,0
128,False,105,0,0,5,80.0,105,0.05,4,1.0,7,6,True,105
128,False,75,1,30,5,80.0,105,0.05,4,1.0,7,6,True,75
128,False,50,2,55,5,80.0,105,0.05,4,1.0,7,6,True,50
128,False,30,3,75,5,80.0,105,0.05,4,1.0,7,6,True,30
128,False,15,4,90,5,80.0,105,0.05,4,1.0,7,6,True,15
128,False,5,5,100,5,39.26990816987241,105,0.05,4,0.4908738521234052,7,6,True,5
128,True,0,6,105,5,0.0,105,0.05,4,0.0,7,6,True,0
128,False,105,0,0,5,40.0,105,0.1,4,1.0,7,6,True,105
128,False,75,1,30,5,40.0,105,0.1,4,1.0,7,6,True,75
128,False,50,2,55,5,40.0,105,0.1,4,1.0,7,6,True,50
128,False,30,3,75,5,40.0,105,0.1,4,1.0,7,6,True,30
128,False,15,4,90,5,40.0,105,0.1,4,1.0,7,6,True,15
128,False,5,5,100,5,19.634954084936204,105,0.1,4,0.4908738521234052,7,6,True,5
128,True,0,6,105,5,0.0,105,0.1,4,0.0,7,6,True,0
128,False,105,0,0,5,20.0,105,0.2,4,1.0,7,6,True,105
128,False,75,1,30,5,20.0,105,0.2,4,1.0,7,6,True,75
128,False,50,2,55,5,20.0,105,0.2,4,1.0,7,6,True,50
128,False,30,3,75,5,20.0,105,0.2,4,1.0,7,6,True,30
128,False,15,4,90,5,20.0,105,0.2,4,1.0,7,6,True,15
128,False,5,5,100,5,9.817477042468102,105,0.2,4,0.4908738521234052,7,6,True,5
128,True,0,6,105,5,0.0,105,0.2,4,0.0,7,6,True,0
128,False,105,0,0,5,160.0,105,0.05,8,1.0,7,6,True,105
128,False,75,1,30,5,160.0,105,0.05,8,1.0,7,6,True,75
128,False,50,2,55,5,160.0,105,0.05,8,1.0,7,6,True,50
128,False,30,3,75,5,160.0,105,0.05,8,1.0,7,6,True,30
128,False,15,4,90,5,160.0,105,0.05,8,1.0,7,6,True,15
128,False,5,5,100,5,78.53981633974482,105,0.05,8,0.4908738521234052,7,6,True,5
128,True,0,6,105,5,0.0,105,0.05,8,0.0,7,6,True,0
128,False,105,0,0,5,80.0,105,0.1,8,1.0,7,6,True,105
128,False,75,1,30,5,80.0,105,0.1,8,1.0,7,6,True,75
128,False,50,2,55,5,80.0,105,0.1,8,1.0,7,6,True,50
128,False,30,3,75,5,80.0,105,0.1,8,1.0,7,6,True,30
128,False,15,4,90,5,80.0,105,0.1,8,1.0,7,6,True,15
128,False,5,5,100,5,39.26990816987241,105,0.1,8,0.4908738521234052,7,6,True,5
128,True,0,6,105,5,0.0,105,0.1,8,0.0,7,6,True,0
128,False,105,0,0,5,40.0,105,0.2,8,1.0,7,6,True,105
128,False,75,1,30,5,40.0,105,0.2,8,1.0,7,6,True,75
128,False,50,2,55,5,40.0,105,0.2,8,1.0,7,6,True,50
128,False,30,3,75,5,40.0,105,0.2,8,1.0,7,6,True,30
128,False,15,4,90,5,40.0,105,0.2,8,1.0,7,6,True,15
128,False,5,5,100,5,19.634954084936204,105,0.2,8,0.4908738521234052,7,6,True,5
128,True,0,6,105,5,0.0,105,0.2,8,0.0,7,6,True,0
128,False,105,0,0,5,240.0,105,0.05,12,1.0,7,6,True,105
128,False,75,1,30,5,240.0,105,0.05,12,1.0,7,6,True,75
128,False,50,2,55,5,240.0,105,0.05,12,1.0,7,6,True,50
128,False,30,3,75,5,240.0,105,0.05,12,1.0,7,6,True,30
128,False,15,4,90,5,240.0,105,0.05,12,1.0,7,6,True,15
128,False,5,5,100,5,117.80972450961723,105,0.05,12,0.4908738521234052,7,6,True,5
128,True,0,6,105,5,0.0,105,0.05,12,0.0,7,6,True,0
128,False,105,0,0,5,120.0,105,0.1,12,1.0,7,6,True,105
128,False,75,1,30,5,120.0,105,0.1,12,1.0,7,6,True,75
128,False,50,2,55,5,120.0,105,0.1,12,1.0,7,6,True,50
128,False,30,3,75,5,120.0,105,0.1,12,1.0,7,6,True,30
128,False,15,4,90,5,120.0,105,0.1,12,1.0,7,6,True,15
128,False,5,5,100,5,58.90486225480861,105,0.1,12,0.4908738521234052,7,6,True,5
128,True,0,6,105,5,0.0,105,0.1,12,0.0,7,6,True,0
128,False,105,0,0,5,60.0,105,0.2,12,1.0,7,6,True,105
128,False,75,1,30,5,60.0,105,0.2,12,1.0,7,6,True,75
128,False,50,2,55,5,60.0,105,0.2,12,1.0,7,6,True,50
128,False,30,3,75,5,60.0,105,0.2,12,1.0,7,6,True,30
128,False,15,4,90,5,60.0,105,0.2,12,1.0,7,6,True,15
128,False,5,5,100,5,29.452431127404306,105,0.2,12,0.4908738521234052,7,6,True,5
128,True,0,6,105,5,0.0,105,0.2,12,0.0,7,6,True,0
128,False,105,0,0,5,480.0,105,0.05,24,1.0,7,6,True,105
128,False,75,1,30,5,480.0,105,0.05,24,1.0,7,6,True,75
128,False,50,2,55,5,480.0,105,0.05,24,1.0,7,6,True,50
128,False,30,3,75,5,480.0,105,0.05,24,1.0,7,6,True,30
128,False,15,4,90,5,480.0,105,0.05,24,1.0,7,6,True,15
128,False,5,5,100,5,235.61944901923445,105,0.05,24,0.4908738521234052,7,6,True,5
128,True,0,6,105,5,0.0,105,0.05,24,0.0,7,6,True,0
128,False,105,0,0,5,240.0,105,0.1,24,1.0,7,6,True,105
128,False,75,1,30,5,240.0,105,0.1,24,1.0,7,6,True,75
128,False,50,2,55,5,240.0,105,0.1,24,1.0,7,6,True,50
128,False,30,3,75,5,240.0,105,0.1,24,1.0,7,6,True,30
128,False,15,4,90,5,240.0,105,0.1,24,1.0,7,6,True,15
128,False,5,5,100,5,117.80972450961723,105,0.1,24,0.4908738521234052,7,6,True,5
128,True,0,6,105,5,0.0,105,0.1,24,0.0,7,6,True,0
128,False,105,0,0,5,120.0,105,0.2,24,1.0,7,6,True,105
128,False,75,1,30,5,120.0,105,0.2,24,1.0,7,6,True,75
128,False,50,2,55,5,120.0,105,0.2,24,1.0,7,6,True,50
128,False,30,3,75,5,120.0,105,0.2,24,1.0,7,6,True,30
128,False,15,4,90,5,120.0,105,0.2,24,1.0,7,6,True,15
128,False,5,5,100,5,58.90486225480861,105,0.2,24,0.4908738521234052,7,6,True,5
128,True,0,6,105,5,0.0,105,0.2,24,0.0,7,6,True,0
