N,base,factor_ci95_high,factor_ci95_low,factor_probability,instance_id,mean_runtime_seconds,noise_axis,noise_setting,order_ci95_high,order_ci95_low,order_probability,realizations,shots
35,11,0.0741026511527422,0.0,0.0,35:11,3.544618721207371e-05,baseline,baseline,0.8507951119028996,0.6121535625207293,0.75,48,1
35,11,0.0741026511527422,0.0,0.0,35:11,3.131947960355319e-05,controlled_phase,cphase_gain_0p02,0.800544878322685,0.5466666274950367,0.6875,48,1
35,11,0.0741026511527422,0.0,0.0,35:11,3.236550128349336e-05,controlled_phase,cphase_gain_0p05,0.7115054026542299,0.44281082215364653,0.5833333333333334,48,1
35,11,0.0741026511527422,0.0,0.0,35:11,3.2776083268496827e-05,controlled_phase,cphase_gain_0p10,0.7656654288731427,0.5043879645406409,0.6458333333333334,48,1
35,11,0.0741026511527422,0.0,0.0,35:11,3.873177138302708e-05,controlled_phase,cphase_sigma_0p02,0.7297937350404942,0.4631015459693511,0.6041666666666666,48,1
35,11,0.0741026511527422,0.0,0.0,35:11,4.064147833560128e-05,controlled_phase,cphase_sigma_0p05,0.8343419643836709,0.5900276538379887,0.7291666666666666,48,1
35,11,0.0741026511527422,0.0,0.0,35:11,4.028643797937548e-05,controlled_phase,cphase_sigma_0p10,0.800544878322685,0.5466666274950367,0.6875,48,1
35,11,0.0741026511527422,0.0,0.0,35:11,2.86796885120566e-05,cx_depolarizing,cx_depol_0p001,0.783233986291032,0.5253984633247204,0.6666666666666666,48,1
35,11,0.0741026511527422,0.0,0.0,35:11,2.955122848410004e-05,cx_depolarizing,cx_depol_0p005,0.8507951119028996,0.6121535625207293,0.75,48,1
35,11,0.0741026511527422,0.0,0.0,35:11,3.165456231120819e-05,cx_depolarizing,cx_depol_0p010,0.8343419643836709,0.5900276538379887,0.7291666666666666,48,1
35,11,0.0741026511527422,0.0,0.0,35:11,3.136197877514254e-05,rz_rotation,rz_bias_0p02,0.8343419643836709,0.5900276538379887,0.7291666666666666,48,1
35,11,0.0741026511527422,0.0,0.0,35:11,2.9837709310716793e-05,rz_rotation,rz_bias_0p05,0.783233986291032,0.5253984633247204,0.6666666666666666,48,1
35,11,0.0741026511527422,0.0,0.0,35:11,3.2248207692949414e-05,rz_rotation,rz_bias_0p10,0.800544878322685,0.5466666274950367,0.6875,48,1
35,11,0.0741026511527422,0.0,0.0,35:11,4.4223041792671815e-05,rz_rotation,rz_sigma_0p02,0.8175858393813663,0.5682047226383246,0.7083333333333334,48,1
35,11,0.0741026511527422,0.0,0.0,35:11,5.1388021953850206e-05,rz_rotation,rz_sigma_0p05,0.800544878322685,0.5466666274950367,0.6875,48,1
35,11,0.0741026511527422,0.0,0.0,35:11,4.662149876821786e-05,rz_rotation,rz_sigma_0p10,0.6929894535958907,0.4227477150100165,0.5625,48,1
35,11,0.0741026511527422,0.0,0.0,35:11,3.40095017842638e-05,baseline,baseline,0.9414302824959915,0.7529927291394518,0.875,48,2
35,11,0.0741026511527422,0.0,0.0,35:11,3.352697937467989e-05,controlled_phase,cphase_gain_0p02,0.9785171568687727,0.8316430233725778,0.9375,48,2
35,11,0.0741026511527422,0.0,0.0,35:11,3.265541666526891e-05,controlled_phase,cphase_gain_0p05,0.9785171568687727,0.8316430233725778,0.9375,48,2
35,11,0.0741026511527422,0.0,0.0,35:11,3.3579854364991966e-05,controlled_phase,cphase_gain_0p10,0.8826985220411018,0.6574082647864651,0.7916666666666666,48,2
35,11,0.0741026511527422,0.0,0.0,35:11,3.37629583858264e-05,controlled_phase,cphase_sigma_0p02,0.9414302824959915,0.7529927291394518,0.875,48,2
35,11,0.0741026511527422,0.0,0.0,35:11,3.4532209004585944e-05,controlled_phase,cphase_sigma_0p05,0.9546789490988218,0.7783231187385907,0.8958333333333334,48,2
35,11,0.0741026511527422,0.0,0.0,35:11,3.4879334028422214e-05,controlled_phase,cphase_sigma_0p10,0.9414302824959915,0.7529927291394518,0.875,48,2
35,11,0.0741026511527422,0.0,0.0,35:11,3.0183250601112377e-05,cx_depolarizing,cx_depol_0p001,0.9275184258620602,0.7283255295714138,0.8541666666666666,48,2
35,11,0.0741026511527422,0.0,0.0,35:11,3.0310875141973764e-05,cx_depolarizing,cx_depol_0p005,0.9999999999999999,0.9258973488472576,1.0,48,2
35,11,0.0741026511527422,0.0,0.0,35:11,3.3499917359828636e-05,cx_depolarizing,cx_depol_0p010,0.9884983479210344,0.8602408885222853,0.9583333333333334,48,2
35,11,0.0741026511527422,0.0,0.0,35:11,3.302774863792971e-05,rz_rotation,rz_bias_0p02,0.9671167756500444,0.8044643483893369,0.9166666666666666,48,2
35,11,0.0741026511527422,0.0,0.0,35:11,2.9849853793469567e-05,rz_rotation,rz_bias_0p05,0.9414302824959915,0.7529927291394518,0.875,48,2
35,11,0.0741026511527422,0.0,0.0,35:11,3.0350709797251813e-05,rz_rotation,rz_bias_0p10,0.9275184258620602,0.7283255295714138,0.8541666666666666,48,2
35,11,0.0741026511527422,0.0,0.0,35:11,3.558935350156389e-05,rz_rotation,rz_sigma_0p02,0.9884983479210344,0.8602408885222853,0.9583333333333334,48,2
35,11,0.0741026511527422,0.0,0.0,35:11,4.057033371888489e-05,rz_rotation,rz_sigma_0p05,0.9785171568687727,0.8316430233725778,0.9375,48,2
35,11,0.0741026511527422,0.0,0.0,35:11,3.8729168106025703e-05,rz_rotation,rz_sigma_0p10,0.9546789490988218,0.7783231187385907,0.8958333333333334,48,2
35,11,0.0741026511527422,0.0,0.0,35:11,4.3513770833669696e-05,baseline,baseline,0.9999999999999999,0.9258973488472576,1.0,48,8
35,11,0.0741026511527422,0.0,0.0,35:11,4.3416665903350804e-05,controlled_phase,cphase_gain_0p02,0.9999999999999999,0.9258973488472576,1.0,48,8
35,11,0.0741026511527422,0.0,0.0,35:11,4.193398035567952e-05,controlled_phase,cphase_gain_0p05,0.9999999999999999,0.9258973488472576,1.0,48,8
35,11,0.0741026511527422,0.0,0.0,35:11,4.1730064064419516e-05,controlled_phase,cphase_gain_0p10,0.9999999999999999,0.9258973488472576,1.0,48,8
35,11,0.0741026511527422,0.0,0.0,35:11,4.2151834046914395e-05,controlled_phase,cphase_sigma_0p02,0.9999999999999999,0.9258973488472576,1.0,48,8
35,11,0.0741026511527422,0.0,0.0,35:11,4.541233344449817e-05,controlled_phase,cphase_sigma_0p05,0.9999999999999999,0.9258973488472576,1.0,48,8
35,11,0.0741026511527422,0.0,0.0,35:11,4.310416685863553e-05,controlled_phase,cphase_sigma_0p10,0.9999999999999999,0.9258973488472576,1.0,48,8
35,11,0.0741026511527422,0.0,0.0,35:11,4.010239596633861e-05,cx_depolarizing,cx_depol_0p001,0.9999999999999999,0.9258973488472576,1.0,48,8
35,11,0.0741026511527422,0.0,0.0,35:11,4.368047969668017e-05,cx_depolarizing,cx_depol_0p005,0.9999999999999999,0.9258973488472576,1.0,48,8
35,11,0.0741026511527422,0.0,0.0,35:11,4.753649864142062e-05,cx_depolarizing,cx_depol_0p010,0.9999999999999999,0.9258973488472576,1.0,48,8
35,11,0.0741026511527422,0.0,0.0,35:11,4.579608442630464e-05,rz_rotation,rz_bias_0p02,0.9999999999999999,0.9258973488472576,1.0,48,8
35,11,0.0741026511527422,0.0,0.0,35:11,3.9097105400287546e-05,rz_rotation,rz_bias_0p05,0.9999999999999999,0.9258973488472576,1.0,48,8
35,11,0.0741026511527422,0.0,0.0,35:11,4.128731173598984e-05,rz_rotation,rz_bias_0p10,0.9999999999999999,0.9258973488472576,1.0,48,8
35,11,0.0741026511527422,0.0,0.0,35:11,4.355198022191568e-05,rz_rotation,rz_sigma_0p02,0.9999999999999999,0.9258973488472576,1.0,48,8
35,11,0.0741026511527422,0.0,0.0,35:11,4.633416695772515e-05,rz_rotation,rz_sigma_0p05,0.9999999999999999,0.9258973488472576,1.0,48,8
35,11,0.0741026511527422,0.0,0.0,35:11,4.3746415940404404e-05,rz_rotation,rz_sigma_0p10,0.9999999999999999,0.9258973488472576,1.0,48,8
35,11,0.0741026511527422,0.0,0.0,35:11,5.595395911465554e-05,baseline,baseline,0.9999999999999999,0.9258973488472576,1.0,48,16
35,11,0.0741026511527422,0.0,0.0,35:11,5.4462708249047864e-05,controlled_phase,cphase_gain_0p02,0.9999999999999999,0.9258973488472576,1.0,48,16
35,11,0.0741026511527422,0.0,0.0,35:11,5.543397977210892e-05,controlled_phase,cphase_gain_0p05,0.9999999999999999,0.9258973488472576,1.0,48,16
35,11,0.0741026511527422,0.0,0.0,35:11,5.4054562800350446e-05,controlled_phase,cphase_gain_0p10,0.9999999999999999,0.9258973488472576,1.0,48,16
35,11,0.0741026511527422,0.0,0.0,35:11,5.43793124355337e-05,controlled_phase,cphase_sigma_0p02,0.9999999999999999,0.9258973488472576,1.0,48,16
35,11,0.0741026511527422,0.0,0.0,35:11,5.5736833019182086e-05,controlled_phase,cphase_sigma_0p05,0.9999999999999999,0.9258973488472576,1.0,48,16
35,11,0.0741026511527422,0.0,0.0,35:11,5.4631083003187086e-05,controlled_phase,cphase_sigma_0p10,0.9999999999999999,0.9258973488472576,1.0,48,16
35,11,0.0741026511527422,0.0,0.0,35:11,5.304083242663182e-05,cx_depolarizing,cx_depol_0p001,0.9999999999999999,0.9258973488472576,1.0,48,16
35,11,0.0741026511527422,0.0,0.0,35:11,5.943395778255459e-05,cx_depolarizing,cx_depol_0p005,0.9999999999999999,0.9258973488472576,1.0,48,16
35,11,0.0741026511527422,0.0,0.0,35:11,6.746604200695099e-05,cx_depolarizing,cx_depol_0p010,0.9999999999999999,0.9258973488472576,1.0,48,16
35,11,0.0741026511527422,0.0,0.0,35:11,5.512581295382309e-05,rz_rotation,rz_bias_0p02,0.9999999999999999,0.9258973488472576,1.0,48,16
35,11,0.0741026511527422,0.0,0.0,35:11,5.236883407633286e-05,rz_rotation,rz_bias_0p05,0.9999999999999999,0.9258973488472576,1.0,48,16
35,11,0.0741026511527422,0.0,0.0,35:11,5.3886270810229085e-05,rz_rotation,rz_bias_0p10,0.9999999999999999,0.9258973488472576,1.0,48,16
35,11,0.0741026511527422,0.0,0.0,35:11,5.5379353701331034e-05,rz_rotation,rz_sigma_0p02,0.9999999999999999,0.9258973488472576,1.0,48,16
35,11,0.0741026511527422,0.0,0.0,35:11,5.651295790206253e-05,rz_rotation,rz_sigma_0p05,0.9999999999999999,0.9258973488472576,1.0,48,16
35,11,0.0741026511527422,0.0,0.0,35:11,5.7454791810111296e-05,rz_rotation,rz_sigma_0p10,0.9999999999999999,0.9258973488472576,1.0,48,16
35,2,0.8826985220411018,0.6574082647864651,0.7916666666666666,35:2,4.5408874636147324e-05,baseline,baseline,0.8826985220411018,0.6574082647864651,0.7916666666666666,48,1
35,2,0.9130458996054678,0.7042189996260375,0.8333333333333334,35:2,3.436543647694634e-05,controlled_phase,cphase_gain_0p02,0.9130458996054678,0.7042189996260375,0.8333333333333334,48,1
35,2,0.8343419643836709,0.5900276538379887,0.7291666666666666,35:2,3.1197979600013546e-05,controlled_phase,cphase_gain_0p05,0.8343419643836709,0.5900276538379887,0.7291666666666666,48,1
35,2,0.9275184258620602,0.7283255295714138,0.8541666666666666,35:2,3.179516685728837e-05,controlled_phase,cphase_gain_0p10,0.9275184258620602,0.7283255295714138,0.8541666666666666,48,1
35,2,0.9546789490988218,0.7783231187385907,0.8958333333333334,35:2,4.041843718975239e-05,controlled_phase,cphase_sigma_0p02,0.9546789490988218,0.7783231187385907,0.8958333333333334,48,1
35,2,0.8980872365179983,0.6805986065115378,0.8125,35:2,4.111368768159688e-05,controlled_phase,cphase_sigma_0p05,0.8980872365179983,0.6805986065115378,0.8125,48,1
35,2,0.8507951119028996,0.6121535625207293,0.75,35:2,3.9097269715663664e-05,controlled_phase,cphase_sigma_0p10,0.8507951119028996,0.6121535625207293,0.75,48,1
35,2,0.8343419643836709,0.5900276538379887,0.7291666666666666,35:2,3.5858562720629074e-05,cx_depolarizing,cx_depol_0p001,0.8343419643836709,0.5900276538379887,0.7291666666666666,48,1
35,2,0.800544878322685,0.5466666274950367,0.6875,35:2,3.396529154997552e-05,cx_depolarizing,cx_depol_0p005,0.800544878322685,0.5466666274950367,0.6875,48,1
35,2,0.6929894535958907,0.4227477150100165,0.5625,35:2,3.65052501365426e-05,cx_depolarizing,cx_depol_0p010,0.6929894535958907,0.4227477150100165,0.5625,48,1
35,2,0.8669230897101096,0.6346046409154885,0.7708333333333334,35:2,3.1190083367012754e-05,rz_rotation,rz_bias_0p02,0.8669230897101096,0.6346046409154885,0.7708333333333334,48,1
35,2,0.9130458996054678,0.7042189996260375,0.8333333333333334,35:2,3.116927049025738e-05,rz_rotation,rz_bias_0p05,0.9130458996054678,0.7042189996260375,0.8333333333333334,48,1
35,2,0.9546789490988218,0.7783231187385907,0.8958333333333334,35:2,3.103291752874308e-05,rz_rotation,rz_bias_0p10,0.9546789490988218,0.7783231187385907,0.8958333333333334,48,1
35,2,0.9275184258620602,0.7283255295714138,0.8541666666666666,35:2,4.2005978684755974e-05,rz_rotation,rz_sigma_0p02,0.9275184258620602,0.7283255295714138,0.8541666666666666,48,1
35,2,0.9275184258620602,0.7283255295714138,0.8541666666666666,35:2,4.0836105047977377e-05,rz_rotation,rz_sigma_0p05,0.9275184258620602,0.7283255295714138,0.8541666666666666,48,1
35,2,0.9671167756500444,0.8044643483893369,0.9166666666666666,35:2,6.880039685105051e-05,rz_rotation,rz_sigma_0p10,0.9671167756500444,0.8044643483893369,0.9166666666666666,48,1
35,2,0.9884983479210344,0.8602408885222853,0.9583333333333334,35:2,3.595308468599493e-05,baseline,baseline,0.9884983479210344,0.8602408885222853,0.9583333333333334,48,2
35,2,0.9963129840206002,0.8910053086246883,0.9791666666666666,35:2,3.47630824156416e-05,controlled_phase,cphase_gain_0p02,0.9963129840206002,0.8910053086246883,0.9791666666666666,48,2
35,2,0.9671167756500444,0.8044643483893369,0.9166666666666666,35:2,3.3206542563372445e-05,controlled_phase,cphase_gain_0p05,0.9671167756500444,0.8044643483893369,0.9166666666666666,48,2
35,2,0.9963129840206002,0.8910053086246883,0.9791666666666666,35:2,3.2683956609010543e-05,controlled_phase,cphase_gain_0p10,0.9963129840206002,0.8910053086246883,0.9791666666666666,48,2
35,2,0.9785171568687727,0.8316430233725778,0.9375,35:2,3.6579020161298104e-05,controlled_phase,cphase_sigma_0p02,0.9785171568687727,0.8316430233725778,0.9375,48,2
35,2,0.9884983479210344,0.8602408885222853,0.9583333333333334,35:2,3.6754229464956247e-05,controlled_phase,cphase_sigma_0p05,0.9884983479210344,0.8602408885222853,0.9583333333333334,48,2
35,2,0.9884983479210344,0.8602408885222853,0.9583333333333334,35:2,3.6676208461964656e-05,controlled_phase,cphase_sigma_0p10,0.9884983479210344,0.8602408885222853,0.9583333333333334,48,2
35,2,0.9999999999999999,0.9258973488472576,1.0,35:2,3.60719795935438e-05,cx_depolarizing,cx_depol_0p001,0.9999999999999999,0.9258973488472576,1.0,48,2
35,2,0.9275184258620602,0.7283255295714138,0.8541666666666666,35:2,3.493054161178103e-05,cx_depolarizing,cx_depol_0p005,0.9275184258620602,0.7283255295714138,0.8541666666666666,48,2
35,2,0.8669230897101096,0.6346046409154885,0.7708333333333334,35:2,3.5533855225367006e-05,cx_depolarizing,cx_depol_0p010,0.8669230897101096,0.6346046409154885,0.7708333333333334,48,2
35,2,0.9884983479210344,0.8602408885222853,0.9583333333333334,35:2,3.2358603978840016e-05,rz_rotation,rz_bias_0p02,0.9884983479210344,0.8602408885222853,0.9583333333333334,48,2
35,2,0.9671167756500444,0.8044643483893369,0.9166666666666666,35:2,3.26831668644445e-05,rz_rotation,rz_bias_0p05,0.9671167756500444,0.8044643483893369,0.9166666666666666,48,2
35,2,0.9884983479210344,0.8602408885222853,0.9583333333333334,35:2,3.225429130300957e-05,rz_rotation,rz_bias_0p10,0.9884983479210344,0.8602408885222853,0.9583333333333334,48,2
35,2,0.9884983479210344,0.8602408885222853,0.9583333333333334,35:2,3.790106287245484e-05,rz_rotation,rz_sigma_0p02,0.9884983479210344,0.8602408885222853,0.9583333333333334,48,2
35,2,0.9999999999999999,0.9258973488472576,1.0,35:2,3.715452021424426e-05,rz_rotation,rz_sigma_0p05,0.9999999999999999,0.9258973488472576,1.0,48,2
35,2,0.9999999999999999,0.9258973488472576,1.0,35:2,4.7048498951577734e-05,rz_rotation,rz_sigma_0p10,0.9999999999999999,0.9258973488472576,1.0,48,2
35,2,0.9999999999999999,0.9258973488472576,1.0,35:2,5.614239550292647e-05,baseline,baseline,0.9999999999999999,0.9258973488472576,1.0,48,8
35,2,0.9999999999999999,0.9258973488472576,1.0,35:2,5.0382751093517676e-05,controlled_phase,cphase_gain_0p02,0.9999999999999999,0.9258973488472576,1.0,48,8
35,2,0.9999999999999999,0.9258973488472576,1.0,35:2,4.92109368982104e-05,controlled_phase,cphase_gain_0p05,0.9999999999999999,0.9258973488472576,1.0,48,8
35,2,0.9999999999999999,0.9258973488472576,1.0,35:2,4.91727699530505e-05,controlled_phase,cphase_gain_0p10,0.9999999999999999,0.9258973488472576,1.0,48,8
35,2,0.9999999999999999,0.9258973488472576,1.0,35:2,5.294966589038571e-05,controlled_phase,cphase_sigma_0p02,0.9999999999999999,0.9258973488472576,1.0,48,8
35,2,0.9999999999999999,0.9258973488472576,1.0,35:2,5.3629354927882865e-05,controlled_phase,cphase_sigma_0p05,0.9999999999999999,0.9258973488472576,1.0,48,8
35,2,0.9999999999999999,0.9258973488472576,1.0,35:2,5.289145944213184e-05,controlled_phase,cphase_sigma_0p10,0.9999999999999999,0.9258973488472576,1.0,48,8
35,2,0.9999999999999999,0.9258973488472576,1.0,35:2,5.3398416942703385e-05,cx_depolarizing,cx_depol_0p001,0.9999999999999999,0.9258973488472576,1.0,48,8
35,2,0.9999999999999999,0.9258973488472576,1.0,35:2,5.655391608646217e-05,cx_depolarizing,cx_depol_0p005,0.9999999999999999,0.9258973488472576,1.0,48,8
35,2,0.9999999999999999,0.9258973488472576,1.0,35:2,5.344525137237118e-05,cx_depolarizing,cx_depol_0p010,0.9999999999999999,0.9258973488472576,1.0,48,8
35,2,0.9999999999999999,0.9258973488472576,1.0,35:2,5.003645734783883e-05,rz_rotation,rz_bias_0p02,0.9999999999999999,0.9258973488472576,1.0,48,8
35,2,0.9999999999999999,0.9258973488472576,1.0,35:2,4.928733384682952e-05,rz_rotation,rz_bias_0p05,0.9999999999999999,0.9258973488472576,1.0,48,8
35,2,0.9999999999999999,0.9258973488472576,1.0,35:2,4.8792686963376276e-05,rz_rotation,rz_bias_0p10,0.9999999999999999,0.9258973488472576,1.0,48,8
35,2,0.9999999999999999,0.9258973488472576,1.0,35:2,5.3001625019533094e-05,rz_rotation,rz_sigma_0p02,0.9999999999999999,0.9258973488472576,1.0,48,8
35,2,0.9999999999999999,0.9258973488472576,1.0,35:2,5.2532165985515654e-05,rz_rotation,rz_sigma_0p05,0.9999999999999999,0.9258973488472576,1.0,48,8
35,2,0.9999999999999999,0.9258973488472576,1.0,35:2,6.248874948748077e-05,rz_rotation,rz_sigma_0p10,0.9999999999999999,0.9258973488472576,1.0,48,8
35,2,0.9999999999999999,0.9258973488472576,1.0,35:2,7.92464579717489e-05,baseline,baseline,0.9999999999999999,0.9258973488472576,1.0,48,16
35,2,0.9999999999999999,0.9258973488472576,1.0,35:2,7.38455003859902e-05,controlled_phase,cphase_gain_0p02,0.9999999999999999,0.9258973488472576,1.0,48,16
35,2,0.9999999999999999,0.9258973488472576,1.0,35:2,7.193752268600899e-05,controlled_phase,cphase_gain_0p05,0.9999999999999999,0.9258973488472576,1.0,48,16
35,2,0.9999999999999999,0.9258973488472576,1.0,35:2,7.121966730968173e-05,controlled_phase,cphase_gain_0p10,0.9999999999999999,0.9258973488472576,1.0,48,16
35,2,0.9999999999999999,0.9258973488472576,1.0,35:2,7.603997922463653e-05,controlled_phase,cphase_sigma_0p02,0.9999999999999999,0.9258973488472576,1.0,48,16
35,2,0.9999999999999999,0.9258973488472576,1.0,35:2,7.383860338450177e-05,controlled_phase,cphase_sigma_0p05,0.9999999999999999,0.9258973488472576,1.0,48,16
35,2,0.9999999999999999,0.9258973488472576,1.0,35:2,7.518839659799899e-05,controlled_phase,cphase_sigma_0p10,0.9999999999999999,0.9258973488472576,1.0,48,16
35,2,0.9999999999999999,0.9258973488472576,1.0,35:2,7.784287420993981e-05,cx_depolarizing,cx_depol_0p001,0.9999999999999999,0.9258973488472576,1.0,48,16
35,2,0.9999999999999999,0.9258973488472576,1.0,35:2,7.874735395792716e-05,cx_depolarizing,cx_depol_0p005,0.9999999999999999,0.9258973488472576,1.0,48,16
35,2,0.9999999999999999,0.9258973488472576,1.0,35:2,7.865449879318476e-05,cx_depolarizing,cx_depol_0p010,0.9999999999999999,0.9258973488472576,1.0,48,16
35,2,0.9999999999999999,0.9258973488472576,1.0,35:2,7.132374988335262e-05,rz_rotation,rz_bias_0p02,0.9999999999999999,0.9258973488472576,1.0,48,16
35,2,0.9999999999999999,0.9258973488472576,1.0,35:2,7.129864570742939e-05,rz_rotation,rz_bias_0p05,0.9999999999999999,0.9258973488472576,1.0,48,16
35,2,0.9999999999999999,0.9258973488472576,1.0,35:2,7.227341666293796e-05,rz_rotation,rz_bias_0p10,0.9999999999999999,0.9258973488472576,1.0,48,16
35,2,0.9999999999999999,0.9258973488472576,1.0,35:2,7.486458495501817e-05,rz_rotation,rz_sigma_0p02,0.9999999999999999,0.9258973488472576,1.0,48,16
35,2,0.9999999999999999,0.9258973488472576,1.0,35:2,7.472304332623025e-05,rz_rotation,rz_sigma_0p05,0.9999999999999999,0.9258973488472576,1.0,48,16
35,2,0.9999999999999999,0.9258973488472576,1.0,35:2,8.395054070812573e-05,rz_rotation,rz_sigma_0p10,0.9999999999999999,0.9258973488472576,1.0,48,16
39,2,0.8343419643836709,0.5900276538379887,0.7291666666666666,39:2,3.714935428433819e-05,baseline,baseline,0.8343419643836709,0.5900276538379887,0.7291666666666666,48,1
39,2,0.8507951119028996,0.6121535625207293,0.75,39:2,3.414056269927338e-05,controlled_phase,cphase_gain_0p02,0.8507951119028996,0.6121535625207293,0.75,48,1
39,2,0.8826985220411018,0.6574082647864651,0.7916666666666666,39:2,3.277604052224584e-05,controlled_phase,cphase_gain_0p05,0.8826985220411018,0.6574082647864651,0.7916666666666666,48,1
39,2,0.8980872365179983,0.6805986065115378,0.8125,39:2,3.269008539064089e-05,controlled_phase,cphase_gain_0p10,0.8980872365179983,0.6805986065115378,0.8125,48,1
39,2,0.9414302824959915,0.7529927291394518,0.875,39:2,6.762843713659095e-05,controlled_phase,cphase_sigma_0p02,0.9414302824959915,0.7529927291394518,0.875,48,1
39,2,0.8980872365179983,0.6805986065115378,0.8125,39:2,7.622912653459935e-05,controlled_phase,cphase_sigma_0p05,0.8980872365179983,0.6805986065115378,0.8125,48,1
39,2,0.9671167756500444,0.8044643483893369,0.9166666666666666,39:2,6.986641771315287e-05,controlled_phase,cphase_sigma_0p10,0.9671167756500444,0.8044643483893369,0.9166666666666666,48,1
39,2,0.9275184258620602,0.7283255295714138,0.8541666666666666,39:2,3.309881230961764e-05,cx_depolarizing,cx_depol_0p001,0.9275184258620602,0.7283255295714138,0.8541666666666666,48,1
39,2,0.8343419643836709,0.5900276538379887,0.7291666666666666,39:2,3.373874945585461e-05,cx_depolarizing,cx_depol_0p005,0.8343419643836709,0.5900276538379887,0.7291666666666666,48,1
39,2,0.7478492759593187,0.48362506125249566,0.625,39:2,3.3594520573387854e-05,cx_depolarizing,cx_depol_0p010,0.7478492759593187,0.48362506125249566,0.625,48,1
39,2,0.9275184258620602,0.7283255295714138,0.8541666666666666,39:2,3.4445207954073943e-05,rz_rotation,rz_bias_0p02,0.9275184258620602,0.7283255295714138,0.8541666666666666,48,1
39,2,0.7478492759593187,0.48362506125249566,0.625,39:2,3.2916645977820735e-05,rz_rotation,rz_bias_0p05,0.7478492759593187,0.48362506125249566,0.625,48,1
39,2,0.9275184258620602,0.7283255295714138,0.8541666666666666,39:2,3.356683343251158e-05,rz_rotation,rz_bias_0p10,0.9275184258620602,0.7283255295714138,0.8541666666666666,48,1
39,2,0.9414302824959915,0.7529927291394518,0.875,39:2,4.409466631235167e-05,rz_rotation,rz_sigma_0p02,0.9414302824959915,0.7529927291394518,0.875,48,1
39,2,0.8669230897101096,0.6346046409154885,0.7708333333333334,39:2,5.129260625835741e-05,rz_rotation,rz_sigma_0p05,0.8669230897101096,0.6346046409154885,0.7708333333333334,48,1
39,2,0.9414302824959915,0.7529927291394518,0.875,39:2,6.47577705118844e-05,rz_rotation,rz_sigma_0p10,0.9414302824959915,0.7529927291394518,0.875,48,1
39,2,0.9999999999999999,0.9258973488472576,1.0,39:2,3.5607582200706624e-05,baseline,baseline,0.9999999999999999,0.9258973488472576,1.0,48,2
39,2,0.9963129840206002,0.8910053086246883,0.9791666666666666,39:2,4.047664818547977e-05,controlled_phase,cphase_gain_0p02,0.9963129840206002,0.8910053086246883,0.9791666666666666,48,2
39,2,0.9999999999999999,0.9258973488472576,1.0,39:2,3.395566758020626e-05,controlled_phase,cphase_gain_0p05,0.9999999999999999,0.9258973488472576,1.0,48,2
39,2,0.9884983479210344,0.8602408885222853,0.9583333333333334,39:2,3.517020862394323e-05,controlled_phase,cphase_gain_0p10,0.9884983479210344,0.8602408885222853,0.9583333333333334,48,2
39,2,0.9884983479210344,0.8602408885222853,0.9583333333333334,39:2,4.568483321539437e-05,controlled_phase,cphase_sigma_0p02,0.9884983479210344,0.8602408885222853,0.9583333333333334,48,2
39,2,0.9884983479210344,0.8602408885222853,0.9583333333333334,39:2,4.370568876765901e-05,controlled_phase,cphase_sigma_0p05,0.9884983479210344,0.8602408885222853,0.9583333333333334,48,2
39,2,0.9963129840206002,0.8910053086246883,0.9791666666666666,39:2,4.306774887178714e-05,controlled_phase,cphase_sigma_0p10,0.9963129840206002,0.8910053086246883,0.9791666666666666,48,2
39,2,0.9884983479210344,0.8602408885222853,0.9583333333333334,39:2,3.935241784347454e-05,cx_depolarizing,cx_depol_0p001,0.9884983479210344,0.8602408885222853,0.9583333333333334,48,2
39,2,0.9546789490988218,0.7783231187385907,0.8958333333333334,39:2,3.619627053315829e-05,cx_depolarizing,cx_depol_0p005,0.9546789490988218,0.7783231187385907,0.8958333333333334,48,2
39,2,0.9671167756500444,0.8044643483893369,0.9166666666666666,39:2,3.7052958456721775e-05,cx_depolarizing,cx_depol_0p010,0.9671167756500444,0.8044643483893369,0.9166666666666666,48,2
39,2,0.9785171568687727,0.8316430233725778,0.9375,39:2,3.7033812683754754e-05,rz_rotation,rz_bias_0p02,0.9785171568687727,0.8316430233725778,0.9375,48,2
39,2,0.9963129840206002,0.8910053086246883,0.9791666666666666,39:2,3.5053874247144755e-05,rz_rotation,rz_bias_0p05,0.9963129840206002,0.8910053086246883,0.9791666666666666,48,2
39,2,0.9963129840206002,0.8910053086246883,0.9791666666666666,39:2,3.6339353452300806e-05,rz_rotation,rz_bias_0p10,0.9963129840206002,0.8910053086246883,0.9791666666666666,48,2
39,2,0.9884983479210344,0.8602408885222853,0.9583333333333334,39:2,3.8485290436559204e-05,rz_rotation,rz_sigma_0p02,0.9884983479210344,0.8602408885222853,0.9583333333333334,48,2
39,2,0.9999999999999999,0.9258973488472576,1.0,39:2,4.04617900737018e-05,rz_rotation,rz_sigma_0p05,0.9999999999999999,0.9258973488472576,1.0,48,2
39,2,0.9963129840206002,0.8910053086246883,0.9791666666666666,39:2,4.3003374533630755e-05,rz_rotation,rz_sigma_0p10,0.9963129840206002,0.8910053086246883,0.9791666666666666,48,2
39,2,0.9999999999999999,0.9258973488472576,1.0,39:2,5.149822906484284e-05,baseline,baseline,0.9999999999999999,0.9258973488472576,1.0,48,8
39,2,0.9999999999999999,0.9258973488472576,1.0,39:2,5.4933978087016534e-05,controlled_phase,cphase_gain_0p02,0.9999999999999999,0.9258973488472576,1.0,48,8
39,2,0.9999999999999999,0.9258973488472576,1.0,39:2,5.261974971896658e-05,controlled_phase,cphase_gain_0p05,0.9999999999999999,0.9258973488472576,1.0,48,8
39,2,0.9999999999999999,0.9258973488472576,1.0,39:2,5.271274919020167e-05,controlled_phase,cphase_gain_0p10,0.9999999999999999,0.9258973488472576,1.0,48,8
39,2,0.9999999999999999,0.9258973488472576,1.0,39:2,5.768318684810462e-05,controlled_phase,cphase_sigma_0p02,0.9999999999999999,0.9258973488472576,1.0,48,8
39,2,0.9999999999999999,0.9258973488472576,1.0,39:2,5.8737853881514944e-05,controlled_phase,cphase_sigma_0p05,0.9999999999999999,0.9258973488472576,1.0,48,8
39,2,0.9999999999999999,0.9258973488472576,1.0,39:2,5.722829185591157e-05,controlled_phase,cphase_sigma_0p10,0.9999999999999999,0.9258973488472576,1.0,48,8
39,2,0.9999999999999999,0.9258973488472576,1.0,39:2,5.274052152041501e-05,cx_depolarizing,cx_depol_0p001,0.9999999999999999,0.9258973488472576,1.0,48,8
39,2,0.9999999999999999,0.9258973488472576,1.0,39:2,5.509368565981276e-05,cx_depolarizing,cx_depol_0p005,0.9999999999999999,0.9258973488472576,1.0,48,8
39,2,0.9999999999999999,0.9258973488472576,1.0,39:2,5.2380249447499715e-05,cx_depolarizing,cx_depol_0p010,0.9999999999999999,0.9258973488472576,1.0,48,8
39,2,0.9999999999999999,0.9258973488472576,1.0,39:2,5.345058525563218e-05,rz_rotation,rz_bias_0p02,0.9999999999999999,0.9258973488472576,1.0,48,8
39,2,0.9999999999999999,0.9258973488472576,1.0,39:2,5.498168805691724e-05,rz_rotation,rz_bias_0p05,0.9999999999999999,0.9258973488472576,1.0,48,8
39,2,0.9999999999999999,0.9258973488472576,1.0,39:2,5.172135297470959e-05,rz_rotation,rz_bias_0p10,0.9999999999999999,0.9258973488472576,1.0,48,8
39,2,0.9999999999999999,0.9258973488472576,1.0,39:2,5.466675035374161e-05,rz_rotation,rz_sigma_0p02,0.9999999999999999,0.9258973488472576,1.0,48,8
39,2,0.9999999999999999,0.9258973488472576,1.0,39:2,5.611285420551818e-05,rz_rotation,rz_sigma_0p05,0.9999999999999999,0.9258973488472576,1.0,48,8
39,2,0.9999999999999999,0.9258973488472576,1.0,39:2,5.8570292821968906e-05,rz_rotation,rz_sigma_0p10,0.9999999999999999,0.9258973488472576,1.0,48,8
39,2,0.9999999999999999,0.9258973488472576,1.0,39:2,7.792614693850435e-05,baseline,baseline,0.9999999999999999,0.9258973488472576,1.0,48,16
39,2,0.9999999999999999,0.9258973488472576,1.0,39:2,7.73480405769078e-05,controlled_phase,cphase_gain_0p02,0.9999999999999999,0.9258973488472576,1.0,48,16
39,2,0.9999999999999999,0.9258973488472576,1.0,39:2,7.491504190208313e-05,controlled_phase,cphase_gain_0p05,0.9999999999999999,0.9258973488472576,1.0,48,16
39,2,0.9999999999999999,0.9258973488472576,1.0,39:2,7.382375042652711e-05,controlled_phase,cphase_gain_0p10,0.9999999999999999,0.9258973488472576,1.0,48,16
39,2,0.9999999999999999,0.9258973488472576,1.0,39:2,7.99158115114551e-05,controlled_phase,cphase_sigma_0p02,0.9999999999999999,0.9258973488472576,1.0,48,16
39,2,0.9999999999999999,0.9258973488472576,1.0,39:2,8.864060540266412e-05,controlled_phase,cphase_sigma_0p05,0.9999999999999999,0.9258973488472576,1.0,48,16
39,2,0.9999999999999999,0.9258973488472576,1.0,39:2,8.426560301207549e-05,controlled_phase,cphase_sigma_0p10,0.9999999999999999,0.9258973488472576,1.0,48,16
39,2,0.9999999999999999,0.9258973488472576,1.0,39:2,7.741493785336691e-05,cx_depolarizing,cx_depol_0p001,0.9999999999999999,0.9258973488472576,1.0,48,16
39,2,0.9999999999999999,0.9258973488472576,1.0,39:2,7.661293572406673e-05,cx_depolarizing,cx_depol_0p005,0.9999999999999999,0.9258973488472576,1.0,48,16
39,2,0.9999999999999999,0.9258973488472576,1.0,39:2,7.977079136859781e-05,cx_depolarizing,cx_depol_0p010,0.9999999999999999,0.9258973488472576,1.0,48,16
39,2,0.9999999999999999,0.9258973488472576,1.0,39:2,7.811720873481438e-05,rz_rotation,rz_bias_0p02,0.9999999999999999,0.9258973488472576,1.0,48,16
39,2,0.9999999999999999,0.9258973488472576,1.0,39:2,7.673083321909265e-05,rz_rotation,rz_bias_0p05,0.9999999999999999,0.9258973488472576,1.0,48,16
39,2,0.9999999999999999,0.9258973488472576,1.0,39:2,7.558681287870665e-05,rz_rotation,rz_bias_0p10,0.9999999999999999,0.9258973488472576,1.0,48,16
39,2,0.9999999999999999,0.9258973488472576,1.0,39:2,7.832024857634678e-05,rz_rotation,rz_sigma_0p02,0.9999999999999999,0.9258973488472576,1.0,48,16
39,2,0.9999999999999999,0.9258973488472576,1.0,39:2,7.890025002173691e-05,rz_rotation,rz_sigma_0p05,0.9999999999999999,0.9258973488472576,1.0,48,16
39,2,0.9999999999999999,0.9258973488472576,1.0,39:2,7.929945938182452e-05,rz_rotation,rz_sigma_0p10,0.9999999999999999,0.9258973488472576,1.0,48,16
51,2,0.9130458996054678,0.7042189996260375,0.8333333333333334,51:2,3.5388021387916524e-05,baseline,baseline,0.9130458996054678,0.7042189996260375,0.8333333333333334,48,1
51,2,0.9414302824959915,0.7529927291394518,0.875,51:2,3.312160364051427e-05,controlled_phase,cphase_gain_0p02,0.9414302824959915,0.7529927291394518,0.875,48,1
51,2,0.9546789490988218,0.7783231187385907,0.8958333333333334,51:2,3.428391725416683e-05,controlled_phase,cphase_gain_0p05,0.9546789490988218,0.7783231187385907,0.8958333333333334,48,1
51,2,0.9414302824959915,0.7529927291394518,0.875,51:2,3.432116651917264e-05,controlled_phase,cphase_gain_0p10,0.9414302824959915,0.7529927291394518,0.875,48,1
51,2,0.9671167756500444,0.8044643483893369,0.9166666666666666,51:2,4.856766675705634e-05,controlled_phase,cphase_sigma_0p02,0.9671167756500444,0.8044643483893369,0.9166666666666666,48,1
51,2,0.9414302824959915,0.7529927291394518,0.875,51:2,5.131856232765131e-05,controlled_phase,cphase_sigma_0p05,0.9414302824959915,0.7529927291394518,0.875,48,1
51,2,0.9275184258620602,0.7283255295714138,0.8541666666666666,51:2,5.5508623518107925e-05,controlled_phase,cphase_sigma_0p10,0.9275184258620602,0.7283255295714138,0.8541666666666666,48,1
51,2,0.8669230897101096,0.6346046409154885,0.7708333333333334,51:2,3.245662416399379e-05,cx_depolarizing,cx_depol_0p001,0.8669230897101096,0.6346046409154885,0.7708333333333334,48,1
51,2,0.8826985220411018,0.6574082647864651,0.7916666666666666,51:2,3.2365438225194033e-05,cx_depolarizing,cx_depol_0p005,0.8826985220411018,0.6574082647864651,0.7916666666666666,48,1
51,2,0.9414302824959915,0.7529927291394518,0.875,51:2,3.372749840006387e-05,cx_depolarizing,cx_depol_0p010,0.9414302824959915,0.7529927291394518,0.875,48,1
51,2,0.9414302824959915,0.7529927291394518,0.875,51:2,3.113968796242261e-05,rz_rotation,rz_bias_0p02,0.9414302824959915,0.7529927291394518,0.875,48,1
51,2,0.9414302824959915,0.7529927291394518,0.875,51:2,3.203302185283974e-05,rz_rotation,rz_bias_0p05,0.9414302824959915,0.7529927291394518,0.875,48,1
51,2,0.9546789490988218,0.7783231187385907,0.8958333333333334,51:2,3.0666625207231846e-05,rz_rotation,rz_bias_0p10,0.9546789490988218,0.7783231187385907,0.8958333333333334,48,1
51,2,0.9546789490988218,0.7783231187385907,0.8958333333333334,51:2,6.337841599209544e-05,rz_rotation,rz_sigma_0p02,0.9546789490988218,0.7783231187385907,0.8958333333333334,48,1
51,2,0.9414302824959915,0.7529927291394518,0.875,51:2,5.812408259468308e-05,rz_rotation,rz_sigma_0p05,0.9414302824959915,0.7529927291394518,0.875,48,1
51,2,0.9275184258620602,0.7283255295714138,0.8541666666666666,51:2,5.956243876426015e-05,rz_rotation,rz_sigma_0p10,0.9275184258620602,0.7283255295714138,0.8541666666666666,48,1
51,2,0.9999999999999999,0.9258973488472576,1.0,51:2,3.442281134387789e-05,baseline,baseline,0.9999999999999999,0.9258973488472576,1.0,48,2
51,2,0.9884983479210344,0.8602408885222853,0.9583333333333334,51:2,3.4205708288936876e-05,controlled_phase,cphase_gain_0p02,0.9884983479210344,0.8602408885222853,0.9583333333333334,48,2
51,2,0.9963129840206002,0.8910053086246883,0.9791666666666666,51:2,3.361377093824558e-05,controlled_phase,cphase_gain_0p05,0.9963129840206002,0.8910053086246883,0.9791666666666666,48,2
51,2,0.9884983479210344,0.8602408885222853,0.9583333333333334,51:2,3.340712464705575e-05,controlled_phase,cphase_gain_0p10,0.9884983479210344,0.8602408885222853,0.9583333333333334,48,2
51,2,0.9999999999999999,0.9258973488472576,1.0,51:2,3.7694353522965685e-05,controlled_phase,cphase_sigma_0p02,0.9999999999999999,0.9258973488472576,1.0,48,2
51,2,0.9963129840206002,0.8910053086246883,0.9791666666666666,51:2,3.8869792054659534e-05,controlled_phase,cphase_sigma_0p05,0.9963129840206002,0.8910053086246883,0.9791666666666666,48,2
51,2,0.9999999999999999,0.9258973488472576,1.0,51:2,3.924043691464855e-05,controlled_phase,cphase_sigma_0p10,0.9999999999999999,0.9258973488472576,1.0,48,2
51,2,0.9884983479210344,0.8602408885222853,0.9583333333333334,51:2,3.4418520347874924e-05,cx_depolarizing,cx_depol_0p001,0.9884983479210344,0.8602408885222853,0.9583333333333334,48,2
51,2,0.9785171568687727,0.8316430233725778,0.9375,51:2,3.5310749202229395e-05,cx_depolarizing,cx_depol_0p005,0.9785171568687727,0.8316430233725778,0.9375,48,2
51,2,0.9884983479210344,0.8602408885222853,0.9583333333333334,51:2,3.4886313187598716e-05,cx_depolarizing,cx_depol_0p010,0.9884983479210344,0.8602408885222853,0.9583333333333334,48,2
51,2,0.9999999999999999,0.9258973488472576,1.0,51:2,3.224318819169033e-05,rz_rotation,rz_bias_0p02,0.9999999999999999,0.9258973488472576,1.0,48,2
51,2,0.9999999999999999,0.9258973488472576,1.0,51:2,3.244693956124441e-05,rz_rotation,rz_bias_0p05,0.9999999999999999,0.9258973488472576,1.0,48,2
51,2,0.9671167756500444,0.8044643483893369,0.9166666666666666,51:2,3.203204141755123e-05,rz_rotation,rz_bias_0p10,0.9671167756500444,0.8044643483893369,0.9166666666666666,48,2
51,2,0.9963129840206002,0.8910053086246883,0.9791666666666666,51:2,4.272045771358535e-05,rz_rotation,rz_sigma_0p02,0.9963129840206002,0.8910053086246883,0.9791666666666666,48,2
51,2,0.9999999999999999,0.9258973488472576,1.0,51:2,3.988622847828083e-05,rz_rotation,rz_sigma_0p05,0.9999999999999999,0.9258973488472576,1.0,48,2
51,2,0.9999999999999999,0.9258973488472576,1.0,51:2,4.406247899169102e-05,rz_rotation,rz_sigma_0p10,0.9999999999999999,0.9258973488472576,1.0,48,2
51,2,0.9999999999999999,0.9258973488472576,1.0,51:2,4.867187423466627e-05,baseline,baseline,0.9999999999999999,0.9258973488472576,1.0,48,8
51,2,0.9999999999999999,0.9258973488472576,1.0,51:2,4.8179770298399184e-05,controlled_phase,cphase_gain_0p02,0.9999999999999999,0.9258973488472576,1.0,48,8
51,2,0.9999999999999999,0.9258973488472576,1.0,51:2,4.762585316105591e-05,controlled_phase,cphase_gain_0p05,0.9999999999999999,0.9258973488472576,1.0,48,8
51,2,0.9999999999999999,0.9258973488472576,1.0,51:2,4.969351994077442e-05,controlled_phase,cphase_gain_0p10,0.9999999999999999,0.9258973488472576,1.0,48,8
51,2,0.9999999999999999,0.9258973488472576,1.0,51:2,4.9947020064185686e-05,controlled_phase,cphase_sigma_0p02,0.9999999999999999,0.9258973488472576,1.0,48,8
51,2,0.9999999999999999,0.9258973488472576,1.0,51:2,5.3993895865763385e-05,controlled_phase,cphase_sigma_0p05,0.9999999999999999,0.9258973488472576,1.0,48,8
51,2,0.9999999999999999,0.9258973488472576,1.0,51:2,5.1413250427382685e-05,controlled_phase,cphase_sigma_0p10,0.9999999999999999,0.9258973488472576,1.0,48,8
51,2,0.9999999999999999,0.9258973488472576,1.0,51:2,4.9849918165515796e-05,cx_depolarizing,cx_depol_0p001,0.9999999999999999,0.9258973488472576,1.0,48,8
51,2,0.9999999999999999,0.9258973488472576,1.0,51:2,5.433168826129986e-05,cx_depolarizing,cx_depol_0p005,0.9999999999999999,0.9258973488472576,1.0,48,8
51,2,0.9999999999999999,0.9258973488472576,1.0,51:2,5.4861147267123066e-05,cx_depolarizing,cx_depol_0p010,0.9999999999999999,0.9258973488472576,1.0,48,8
51,2,0.9999999999999999,0.9258973488472576,1.0,51:2,4.667539633373963e-05,rz_rotation,rz_bias_0p02,0.9999999999999999,0.9258973488472576,1.0,48,8
51,2,0.9999999999999999,0.9258973488472576,1.0,51:2,4.674810406868346e-05,rz_rotation,rz_bias_0p05,0.9999999999999999,0.9258973488472576,1.0,48,8
51,2,0.9999999999999999,0.9258973488472576,1.0,51:2,4.6177021128338915e-05,rz_rotation,rz_bias_0p10,0.9999999999999999,0.9258973488472576,1.0,48,8
51,2,0.9999999999999999,0.9258973488472576,1.0,51:2,5.3372312322608195e-05,rz_rotation,rz_sigma_0p02,0.9999999999999999,0.9258973488472576,1.0,48,8
51,2,0.9999999999999999,0.9258973488472576,1.0,51:2,5.1842832969365794e-05,rz_rotation,rz_sigma_0p05,0.9999999999999999,0.9258973488472576,1.0,48,8
51,2,0.9999999999999999,0.9258973488472576,1.0,51:2,6.227781038129858e-05,rz_rotation,rz_sigma_0p10,0.9999999999999999,0.9258973488472576,1.0,48,8
51,2,0.9999999999999999,0.9258973488472576,1.0,51:2,6.800614634509354e-05,baseline,baseline,0.9999999999999999,0.9258973488472576,1.0,48,16
51,2,0.9999999999999999,0.9258973488472576,1.0,51:2,7.102258374895125e-05,controlled_phase,cphase_gain_0p02,0.9999999999999999,0.9258973488472576,1.0,48,16
51,2,0.9999999999999999,0.9258973488472576,1.0,51:2,7.168841572517219e-05,controlled_phase,cphase_gain_0p05,0.9999999999999999,0.9258973488472576,1.0,48,16
51,2,0.9999999999999999,0.9258973488472576,1.0,51:2,7.370404243071486e-05,controlled_phase,cphase_gain_0p10,0.9999999999999999,0.9258973488472576,1.0,48,16
51,2,0.9999999999999999,0.9258973488472576,1.0,51:2,7.021701973523402e-05,controlled_phase,cphase_sigma_0p02,0.9999999999999999,0.9258973488472576,1.0,48,16
51,2,0.9999999999999999,0.9258973488472576,1.0,51:2,7.255122909555212e-05,controlled_phase,cphase_sigma_0p05,0.9999999999999999,0.9258973488472576,1.0,48,16
51,2,0.9999999999999999,0.9258973488472576,1.0,51:2,7.403041763609508e-05,controlled_phase,cphase_sigma_0p10,0.9999999999999999,0.9258973488472576,1.0,48,16
51,2,0.9999999999999999,0.9258973488472576,1.0,51:2,7.0231020799838e-05,cx_depolarizing,cx_depol_0p001,0.9999999999999999,0.9258973488472576,1.0,48,16
51,2,0.9999999999999999,0.9258973488472576,1.0,51:2,7.627348046905051e-05,cx_depolarizing,cx_depol_0p005,0.9999999999999999,0.9258973488472576,1.0,48,16
51,2,0.9999999999999999,0.9258973488472576,1.0,51:2,7.940452148128922e-05,cx_depolarizing,cx_depol_0p010,0.9999999999999999,0.9258973488472576,1.0,48,16
51,2,0.9999999999999999,0.9258973488472576,1.0,51:2,6.629077082228226e-05,rz_rotation,rz_bias_0p02,0.9999999999999999,0.9258973488472576,1.0,48,16
51,2,0.9999999999999999,0.9258973488472576,1.0,51:2,6.84696657723786e-05,rz_rotation,rz_bias_0p05,0.9999999999999999,0.9258973488472576,1.0,48,16
51,2,0.9999999999999999,0.9258973488472576,1.0,51:2,6.515106269944226e-05,rz_rotation,rz_bias_0p10,0.9999999999999999,0.9258973488472576,1.0,48,16
51,2,0.9999999999999999,0.9258973488472576,1.0,51:2,7.295137523518254e-05,rz_rotation,rz_sigma_0p02,0.9999999999999999,0.9258973488472576,1.0,48,16
51,2,0.9999999999999999,0.9258973488472576,1.0,51:2,7.069447747198865e-05,rz_rotation,rz_sigma_0p05,0.9999999999999999,0.9258973488472576,1.0,48,16
51,2,0.9999999999999999,0.9258973488472576,1.0,51:2,8.875779167283326e-05,rz_rotation,rz_sigma_0p10,0.9999999999999999,0.9258973488472576,1.0,48,16
55,2,0.8980872365179983,0.6805986065115378,0.8125,55:2,3.3486167922092136e-05,baseline,baseline,0.8980872365179983,0.6805986065115378,0.8125,48,1
55,2,0.8175858393813663,0.5682047226383246,0.7083333333333334,55:2,3.30477496390813e-05,controlled_phase,cphase_gain_0p02,0.8175858393813663,0.5682047226383246,0.7083333333333334,48,1
55,2,0.8826985220411018,0.6574082647864651,0.7916666666666666,55:2,3.3514750005754955e-05,controlled_phase,cphase_gain_0p05,0.8826985220411018,0.6574082647864651,0.7916666666666666,48,1
55,2,0.8980872365179983,0.6805986065115378,0.8125,55:2,3.553468680668933e-05,controlled_phase,cphase_gain_0p10,0.8980872365179983,0.6805986065115378,0.8125,48,1
55,2,0.8826985220411018,0.6574082647864651,0.7916666666666666,55:2,4.675260424846783e-05,controlled_phase,cphase_sigma_0p02,0.8826985220411018,0.6574082647864651,0.7916666666666666,48,1
55,2,0.8343419643836709,0.5900276538379887,0.7291666666666666,55:2,4.877783400540162e-05,controlled_phase,cphase_sigma_0p05,0.8343419643836709,0.5900276538379887,0.7291666666666666,48,1
55,2,0.8507951119028996,0.6121535625207293,0.75,55:2,4.144179153324027e-05,controlled_phase,cphase_sigma_0p10,0.8507951119028996,0.6121535625207293,0.75,48,1
55,2,0.7656654288731427,0.5043879645406409,0.6458333333333334,55:2,3.2480937989021186e-05,cx_depolarizing,cx_depol_0p001,0.7656654288731427,0.5043879645406409,0.6458333333333334,48,1
55,2,0.7115054026542299,0.44281082215364653,0.5833333333333334,55:2,3.188800170998244e-05,cx_depolarizing,cx_depol_0p005,0.7115054026542299,0.44281082215364653,0.5833333333333334,48,1
55,2,0.5970916690505266,0.3257502185455351,0.4583333333333333,55:2,3.325518719066167e-05,cx_depolarizing,cx_depol_0p010,0.5970916690505266,0.3257502185455351,0.4583333333333333,48,1
55,2,0.8669230897101096,0.6346046409154885,0.7708333333333334,55:2,3.253385420975974e-05,rz_rotation,rz_bias_0p02,0.8669230897101096,0.6346046409154885,0.7708333333333334,48,1
55,2,0.8507951119028996,0.6121535625207293,0.75,55:2,3.1795979036057055e-05,rz_rotation,rz_bias_0p05,0.8507951119028996,0.6121535625207293,0.75,48,1
55,2,0.8507951119028996,0.6121535625207293,0.75,55:2,3.1190042439751174e-05,rz_rotation,rz_bias_0p10,0.8507951119028996,0.6121535625207293,0.75,48,1
55,2,0.8980872365179983,0.6805986065115378,0.8125,55:2,4.163452073650357e-05,rz_rotation,rz_sigma_0p02,0.8980872365179983,0.6805986065115378,0.8125,48,1
55,2,0.8980872365179983,0.6805986065115378,0.8125,55:2,4.3446188404535256e-05,rz_rotation,rz_sigma_0p05,0.8980872365179983,0.6805986065115378,0.8125,48,1
55,2,0.9130458996054678,0.7042189996260375,0.8333333333333334,55:2,7.355548041232396e-05,rz_rotation,rz_sigma_0p10,0.9130458996054678,0.7042189996260375,0.8333333333333334,48,1
55,2,0.9884983479210344,0.8602408885222853,0.9583333333333334,55:2,3.4645833693502937e-05,baseline,baseline,0.9884983479210344,0.8602408885222853,0.9583333333333334,48,2
55,2,0.9963129840206002,0.8910053086246883,0.9791666666666666,55:2,3.446533446549438e-05,controlled_phase,cphase_gain_0p02,0.9963129840206002,0.8910053086246883,0.9791666666666666,48,2
55,2,0.9884983479210344,0.8602408885222853,0.9583333333333334,55:2,3.550352145490857e-05,controlled_phase,cphase_gain_0p05,0.9884983479210344,0.8602408885222853,0.9583333333333334,48,2
55,2,0.9884983479210344,0.8602408885222853,0.9583333333333334,55:2,3.706500107606795e-05,controlled_phase,cphase_gain_0p10,0.9884983479210344,0.8602408885222853,0.9583333333333334,48,2
55,2,0.9963129840206002,0.8910053086246883,0.9791666666666666,55:2,3.950789565957772e-05,controlled_phase,cphase_sigma_0p02,0.9963129840206002,0.8910053086246883,0.9791666666666666,48,2
55,2,0.9963129840206002,0.8910053086246883,0.9791666666666666,55:2,3.970316659736758e-05,controlled_phase,cphase_sigma_0p05,0.9963129840206002,0.8910053086246883,0.9791666666666666,48,2
55,2,0.9671167756500444,0.8044643483893369,0.9166666666666666,55:2,3.7565978952140235e-05,controlled_phase,cphase_sigma_0p10,0.9671167756500444,0.8044643483893369,0.9166666666666666,48,2
55,2,0.9884983479210344,0.8602408885222853,0.9583333333333334,55:2,3.4105956729035825e-05,cx_depolarizing,cx_depol_0p001,0.9884983479210344,0.8602408885222853,0.9583333333333334,48,2
55,2,0.8826985220411018,0.6574082647864651,0.7916666666666666,55:2,3.4788146270633057e-05,cx_depolarizing,cx_depol_0p005,0.8826985220411018,0.6574082647864651,0.7916666666666666,48,2
55,2,0.783233986291032,0.5253984633247204,0.6666666666666666,55:2,3.403545694406299e-05,cx_depolarizing,cx_depol_0p010,0.783233986291032,0.5253984633247204,0.6666666666666666,48,2
55,2,0.9884983479210344,0.8602408885222853,0.9583333333333334,55:2,3.38350837409962e-05,rz_rotation,rz_bias_0p02,0.9884983479210344,0.8602408885222853,0.9583333333333334,48,2
55,2,0.9884983479210344,0.8602408885222853,0.9583333333333334,55:2,3.3948832424357533e-05,rz_rotation,rz_bias_0p05,0.9884983479210344,0.8602408885222853,0.9583333333333334,48,2
55,2,0.9963129840206002,0.8910053086246883,0.9791666666666666,55:2,3.288449988758657e-05,rz_rotation,rz_bias_0p10,0.9963129840206002,0.8910053086246883,0.9791666666666666,48,2
55,2,0.9884983479210344,0.8602408885222853,0.9583333333333334,55:2,3.7881230127823073e-05,rz_rotation,rz_sigma_0p02,0.9884983479210344,0.8602408885222853,0.9583333333333334,48,2
55,2,0.9671167756500444,0.8044643483893369,0.9166666666666666,55:2,3.8268251046247315e-05,rz_rotation,rz_sigma_0p05,0.9671167756500444,0.8044643483893369,0.9166666666666666,48,2
55,2,0.9546789490988218,0.7783231187385907,0.8958333333333334,55:2,4.9083394818201974e-05,rz_rotation,rz_sigma_0p10,0.9546789490988218,0.7783231187385907,0.8958333333333334,48,2
55,2,0.9999999999999999,0.9258973488472576,1.0,55:2,5.329081068339292e-05,baseline,baseline,0.9999999999999999,0.9258973488472576,1.0,48,8
55,2,0.9999999999999999,0.9258973488472576,1.0,55:2,5.3108415765260965e-05,controlled_phase,cphase_gain_0p02,0.9999999999999999,0.9258973488472576,1.0,48,8
55,2,0.9999999999999999,0.9258973488472576,1.0,55:2,5.407123020025514e-05,controlled_phase,cphase_gain_0p05,0.9999999999999999,0.9258973488472576,1.0,48,8
55,2,0.9999999999999999,0.9258973488472576,1.0,55:2,5.5104145152048055e-05,controlled_phase,cphase_gain_0p10,0.9999999999999999,0.9258973488472576,1.0,48,8
55,2,0.9999999999999999,0.9258973488472576,1.0,55:2,5.841587517352309e-05,controlled_phase,cphase_sigma_0p02,0.9999999999999999,0.9258973488472576,1.0,48,8
55,2,0.9999999999999999,0.9258973488472576,1.0,55:2,5.7638855044691205e-05,controlled_phase,cphase_sigma_0p05,0.9999999999999999,0.9258973488472576,1.0,48,8
55,2,0.9999999999999999,0.9258973488472576,1.0,55:2,5.533422972803237e-05,controlled_phase,cphase_sigma_0p10,0.9999999999999999,0.9258973488472576,1.0,48,8
55,2,0.9999999999999999,0.9258973488472576,1.0,55:2,5.2944394459094234e-05,cx_depolarizing,cx_depol_0p001,0.9999999999999999,0.9258973488472576,1.0,48,8
55,2,0.9999999999999999,0.9258973488472576,1.0,55:2,5.5192707198633194e-05,cx_depolarizing,cx_depol_0p005,0.9999999999999999,0.9258973488472576,1.0,48,8
55,2,0.9999999999999999,0.9258973488472576,1.0,55:2,5.421699916041689e-05,cx_depolarizing,cx_depol_0p010,0.9999999999999999,0.9258973488472576,1.0,48,8
55,2,0.9999999999999999,0.9258973488472576,1.0,55:2,5.228983294121766e-05,rz_rotation,rz_bias_0p02,0.9999999999999999,0.9258973488472576,1.0,48,8
55,2,0.9999999999999999,0.9258973488472576,1.0,55:2,5.348954194535812e-05,rz_rotation,rz_bias_0p05,0.9999999999999999,0.9258973488472576,1.0,48,8
55,2,0.9999999999999999,0.9258973488472576,1.0,55:2,5.1536540316495426e-05,rz_rotation,rz_bias_0p10,0.9999999999999999,0.9258973488472576,1.0,48,8
55,2,0.9999999999999999,0.9258973488472576,1.0,55:2,5.6640686731649716e-05,rz_rotation,rz_sigma_0p02,0.9999999999999999,0.9258973488472576,1.0,48,8
55,2,0.9999999999999999,0.9258973488472576,1.0,55:2,5.752252066789273e-05,rz_rotation,rz_sigma_0p05,0.9999999999999999,0.9258973488472576,1.0,48,8
55,2,0.9999999999999999,0.9258973488472576,1.0,55:2,6.333072875956229e-05,rz_rotation,rz_sigma_0p10,0.9999999999999999,0.9258973488472576,1.0,48,8
55,2,0.9999999999999999,0.9258973488472576,1.0,55:2,8.154945771821076e-05,baseline,baseline,0.9999999999999999,0.9258973488472576,1.0,48,16
55,2,0.9999999999999999,0.9258973488472576,1.0,55:2,8.197306366734362e-05,controlled_phase,cphase_gain_0p02,0.9999999999999999,0.9258973488472576,1.0,48,16
55,2,0.9999999999999999,0.9258973488472576,1.0,55:2,7.901652073390626e-05,controlled_phase,cphase_gain_0p05,0.9999999999999999,0.9258973488472576,1.0,48,16
55,2,0.9999999999999999,0.9258973488472576,1.0,55:2,7.982887503506693e-05,controlled_phase,cphase_gain_0p10,0.9999999999999999,0.9258973488472576,1.0,48,16
55,2,0.9999999999999999,0.9258973488472576,1.0,55:2,8.143141743251665e-05,controlled_phase,cphase_sigma_0p02,0.9999999999999999,0.9258973488472576,1.0,48,16
55,2,0.9999999999999999,0.9258973488472576,1.0,55:2,8.235847902445433e-05,controlled_phase,cphase_sigma_0p05,0.9999999999999999,0.9258973488472576,1.0,48,16
55,2,0.9999999999999999,0.9258973488472576,1.0,55:2,8.062333502797021e-05,controlled_phase,cphase_sigma_0p10,0.9999999999999999,0.9258973488472576,1.0,48,16
55,2,0.9999999999999999,0.9258973488472576,1.0,55:2,7.873258285447567e-05,cx_depolarizing,cx_depol_0p001,0.9999999999999999,0.9258973488472576,1.0,48,16
55,2,0.9999999999999999,0.9258973488472576,1.0,55:2,8.002948046244758e-05,cx_depolarizing,cx_depol_0p005,0.9999999999999999,0.9258973488472576,1.0,48,16
55,2,0.9999999999999999,0.9258973488472576,1.0,55:2,7.932379169991084e-05,cx_depolarizing,cx_depol_0p010,0.9999999999999999,0.9258973488472576,1.0,48,16
55,2,0.9999999999999999,0.9258973488472576,1.0,55:2,7.628718897952542e-05,rz_rotation,rz_bias_0p02,0.9999999999999999,0.9258973488472576,1.0,48,16
55,2,0.9999999999999999,0.9258973488472576,1.0,55:2,7.940360380113513e-05,rz_rotation,rz_bias_0p05,0.9999999999999999,0.9258973488472576,1.0,48,16
55,2,0.9999999999999999,0.9258973488472576,1.0,55:2,7.778118682229736e-05,rz_rotation,rz_bias_0p10,0.9999999999999999,0.9258973488472576,1.0,48,16
55,2,0.9999999999999999,0.9258973488472576,1.0,55:2,8.29617923348754e-05,rz_rotation,rz_sigma_0p02,0.9999999999999999,0.9258973488472576,1.0,48,16
55,2,0.9999999999999999,0.9258973488472576,1.0,55:2,8.056418725270002e-05,rz_rotation,rz_sigma_0p05,0.9999999999999999,0.9258973488472576,1.0,48,16
55,2,0.9999999999999999,0.9258973488472576,1.0,55:2,8.649129146457805e-05,rz_rotation,rz_sigma_0p10,0.9999999999999999,0.9258973488472576,1.0,48,16
65,3,0.9275184258620602,0.7283255295714138,0.8541666666666666,65:3,8.268485483616435e-05,baseline,baseline,0.9275184258620602,0.7283255295714138,0.8541666666666666,48,1
65,3,0.8343419643836709,0.5900276538379887,0.7291666666666666,65:3,8.099391682965991e-05,controlled_phase,cphase_gain_0p02,0.8343419643836709,0.5900276538379887,0.7291666666666666,48,1
65,3,0.8507951119028996,0.6121535625207293,0.75,65:3,8.211637305066688e-05,controlled_phase,cphase_gain_0p05,0.8507951119028996,0.6121535625207293,0.75,48,1
65,3,0.8669230897101096,0.6346046409154885,0.7708333333333334,65:3,7.984291733009741e-05,controlled_phase,cphase_gain_0p10,0.8669230897101096,0.6346046409154885,0.7708333333333334,48,1
65,3,0.8980872365179983,0.6805986065115378,0.8125,65:3,0.0001329350834566867,controlled_phase,cphase_sigma_0p02,0.8980872365179983,0.6805986065115378,0.8125,48,1
65,3,0.8343419643836709,0.5900276538379887,0.7291666666666666,65:3,0.00013642185543479476,controlled_phase,cphase_sigma_0p05,0.8343419643836709,0.5900276538379887,0.7291666666666666,48,1
65,3,0.8507951119028996,0.6121535625207293,0.75,65:3,0.00011846006267054084,controlled_phase,cphase_sigma_0p10,0.8507951119028996,0.6121535625207293,0.75,48,1
65,3,0.8980872365179983,0.6805986065115378,0.8125,65:3,8.25954160366867e-05,cx_depolarizing,cx_depol_0p001,0.8980872365179983,0.6805986065115378,0.8125,48,1
65,3,0.800544878322685,0.5466666274950367,0.6875,65:3,8.384556288850338e-05,cx_depolarizing,cx_depol_0p005,0.800544878322685,0.5466666274950367,0.6875,48,1
65,3,0.800544878322685,0.5466666274950367,0.6875,65:3,8.37413335830206e-05,cx_depolarizing,cx_depol_0p010,0.800544878322685,0.5466666274950367,0.6875,48,1
65,3,0.8980872365179983,0.6805986065115378,0.8125,65:3,8.319270818901714e-05,rz_rotation,rz_bias_0p02,0.8980872365179983,0.6805986065115378,0.8125,48,1
65,3,0.9275184258620602,0.7283255295714138,0.8541666666666666,65:3,8.31519585820691e-05,rz_rotation,rz_bias_0p05,0.9275184258620602,0.7283255295714138,0.8541666666666666,48,1
65,3,0.9130458996054678,0.7042189996260375,0.8333333333333334,65:3,8.290447840408888e-05,rz_rotation,rz_bias_0p10,0.9130458996054678,0.7042189996260375,0.8333333333333334,48,1
65,3,0.9414302824959915,0.7529927291394518,0.875,65:3,0.00011223174957801045,rz_rotation,rz_sigma_0p02,0.9414302824959915,0.7529927291394518,0.875,48,1
65,3,0.8826985220411018,0.6574082647864651,0.7916666666666666,65:3,0.00010271529117744649,rz_rotation,rz_sigma_0p05,0.8826985220411018,0.6574082647864651,0.7916666666666666,48,1
65,3,0.8669230897101096,0.6346046409154885,0.7708333333333334,65:3,0.0001060554798944698,rz_rotation,rz_sigma_0p10,0.8669230897101096,0.6346046409154885,0.7708333333333334,48,1
65,3,0.9884983479210344,0.8602408885222853,0.9583333333333334,65:3,8.210852229240118e-05,baseline,baseline,0.9884983479210344,0.8602408885222853,0.9583333333333334,48,2
65,3,0.9785171568687727,0.8316430233725778,0.9375,65:3,8.247833587423277e-05,controlled_phase,cphase_gain_0p02,0.9785171568687727,0.8316430233725778,0.9375,48,2
65,3,0.9884983479210344,0.8602408885222853,0.9583333333333334,65:3,8.318225081893615e-05,controlled_phase,cphase_gain_0p05,0.9884983479210344,0.8602408885222853,0.9583333333333334,48,2
65,3,0.9963129840206002,0.8910053086246883,0.9791666666666666,65:3,8.103989512164844e-05,controlled_phase,cphase_gain_0p10,0.9963129840206002,0.8910053086246883,0.9791666666666666,48,2
65,3,0.9999999999999999,0.9258973488472576,1.0,65:3,9.488112542991682e-05,controlled_phase,cphase_sigma_0p02,0.9999999999999999,0.9258973488472576,1.0,48,2
65,3,0.9963129840206002,0.8910053086246883,0.9791666666666666,65:3,9.705122950739072e-05,controlled_phase,cphase_sigma_0p05,0.9963129840206002,0.8910053086246883,0.9791666666666666,48,2
65,3,0.9963129840206002,0.8910053086246883,0.9791666666666666,65:3,9.263624815503135e-05,controlled_phase,cphase_sigma_0p10,0.9963129840206002,0.8910053086246883,0.9791666666666666,48,2
65,3,0.9884983479210344,0.8602408885222853,0.9583333333333334,65:3,8.370652115748574e-05,cx_depolarizing,cx_depol_0p001,0.9884983479210344,0.8602408885222853,0.9583333333333334,48,2
65,3,0.9963129840206002,0.8910053086246883,0.9791666666666666,65:3,8.48758121113254e-05,cx_depolarizing,cx_depol_0p005,0.9963129840206002,0.8910053086246883,0.9791666666666666,48,2
65,3,0.9785171568687727,0.8316430233725778,0.9375,65:3,8.52970212387542e-05,cx_depolarizing,cx_depol_0p010,0.9785171568687727,0.8316430233725778,0.9375,48,2
65,3,0.9963129840206002,0.8910053086246883,0.9791666666666666,65:3,8.41615207415695e-05,rz_rotation,rz_bias_0p02,0.9963129840206002,0.8910053086246883,0.9791666666666666,48,2
65,3,0.9963129840206002,0.8910053086246883,0.9791666666666666,65:3,8.378822985832812e-05,rz_rotation,rz_bias_0p05,0.9963129840206002,0.8910053086246883,0.9791666666666666,48,2
65,3,0.9999999999999999,0.9258973488472576,1.0,65:3,8.392881257653546e-05,rz_rotation,rz_bias_0p10,0.9999999999999999,0.9258973488472576,1.0,48,2
65,3,0.9785171568687727,0.8316430233725778,0.9375,65:3,9.045660287180605e-05,rz_rotation,rz_sigma_0p02,0.9785171568687727,0.8316430233725778,0.9375,48,2
65,3,0.9785171568687727,0.8316430233725778,0.9375,65:3,8.848083264941427e-05,rz_rotation,rz_sigma_0p05,0.9785171568687727,0.8316430233725778,0.9375,48,2
65,3,0.9999999999999999,0.9258973488472576,1.0,65:3,8.922393832714685e-05,rz_rotation,rz_sigma_0p10,0.9999999999999999,0.9258973488472576,1.0,48,2
65,3,0.9999999999999999,0.9258973488472576,1.0,65:3,0.00010087677128467476,baseline,baseline,0.9999999999999999,0.9258973488472576,1.0,48,8
65,3,0.9999999999999999,0.9258973488472576,1.0,65:3,9.837243730241123e-05,controlled_phase,cphase_gain_0p02,0.9999999999999999,0.9258973488472576,1.0,48,8
65,3,0.9999999999999999,0.9258973488472576,1.0,65:3,0.0001045364585176382,controlled_phase,cphase_gain_0p05,0.9999999999999999,0.9258973488472576,1.0,48,8
65,3,0.9999999999999999,0.9258973488472576,1.0,65:3,9.813799988478422e-05,controlled_phase,cphase_gain_0p10,0.9999999999999999,0.9258973488472576,1.0,48,8
65,3,0.9999999999999999,0.9258973488472576,1.0,65:3,0.0001160129789544347,controlled_phase,cphase_sigma_0p02,0.9999999999999999,0.9258973488472576,1.0,48,8
65,3,0.9999999999999999,0.9258973488472576,1.0,65:3,0.00011040535476543785,controlled_phase,cphase_sigma_0p05,0.9999999999999999,0.9258973488472576,1.0,48,8
65,3,0.9999999999999999,0.9258973488472576,1.0,65:3,0.00010621175169944763,controlled_phase,cphase_sigma_0p10,0.9999999999999999,0.9258973488472576,1.0,48,8
65,3,0.9999999999999999,0.9258973488472576,1.0,65:3,0.00010176039540965576,cx_depolarizing,cx_depol_0p001,0.9999999999999999,0.9258973488472576,1.0,48,8
65,3,0.9999999999999999,0.9258973488472576,1.0,65:3,0.00010530914702637044,cx_depolarizing,cx_depol_0p005,0.9999999999999999,0.9258973488472576,1.0,48,8
65,3,0.9999999999999999,0.9258973488472576,1.0,65:3,0.00010500693618572161,cx_depolarizing,cx_depol_0p010,0.9999999999999999,0.9258973488472576,1.0,48,8
65,3,0.9999999999999999,0.9258973488472576,1.0,65:3,0.00010078987603871307,rz_rotation,rz_bias_0p02,0.9999999999999999,0.9258973488472576,1.0,48,8
65,3,0.9999999999999999,0.9258973488472576,1.0,65:3,0.00010162679215378982,rz_rotation,rz_bias_0p05,0.9999999999999999,0.9258973488472576,1.0,48,8
65,3,0.9999999999999999,0.9258973488472576,1.0,65:3,0.00010230383183322071,rz_rotation,rz_bias_0p10,0.9999999999999999,0.9258973488472576,1.0,48,8
65,3,0.9999999999999999,0.9258973488472576,1.0,65:3,0.00010589575049380073,rz_rotation,rz_sigma_0p02,0.9999999999999999,0.9258973488472576,1.0,48,8
65,3,0.9999999999999999,0.9258973488472576,1.0,65:3,0.00010382024962988605,rz_rotation,rz_sigma_0p05,0.9999999999999999,0.9258973488472576,1.0,48,8
65,3,0.9999999999999999,0.9258973488472576,1.0,65:3,0.00010503991597943241,rz_rotation,rz_sigma_0p10,0.9999999999999999,0.9258973488472576,1.0,48,8
65,3,0.9999999999999999,0.9258973488472576,1.0,65:3,0.000121990438553136,baseline,baseline,0.9999999999999999,0.9258973488472576,1.0,48,16
65,3,0.9999999999999999,0.9258973488472576,1.0,65:3,0.00012218750058915853,controlled_phase,cphase_gain_0p02,0.9999999999999999,0.9258973488472576,1.0,48,16
65,3,0.9999999999999999,0.9258973488472576,1.0,65:3,0.00012602954211615724,controlled_phase,cphase_gain_0p05,0.9999999999999999,0.9258973488472576,1.0,48,16
65,3,0.9999999999999999,0.9258973488472576,1.0,65:3,0.0001211953106879567,controlled_phase,cphase_gain_0p10,0.9999999999999999,0.9258973488472576,1.0,48,16
65,3,0.9999999999999999,0.9258973488472576,1.0,65:3,0.00014050002058259756,controlled_phase,cphase_sigma_0p02,0.9999999999999999,0.9258973488472576,1.0,48,16
65,3,0.9999999999999999,0.9258973488472576,1.0,65:3,0.0001340564807226959,controlled_phase,cphase_sigma_0p05,0.9999999999999999,0.9258973488472576,1.0,48,16
65,3,0.9999999999999999,0.9258973488472576,1.0,65:3,0.00013184556307047993,controlled_phase,cphase_sigma_0p10,0.9999999999999999,0.9258973488472576,1.0,48,16
65,3,0.9999999999999999,0.9258973488472576,1.0,65:3,0.0001260529158268279,cx_depolarizing,cx_depol_0p001,0.9999999999999999,0.9258973488472576,1.0,48,16
65,3,0.9999999999999999,0.9258973488472576,1.0,65:3,0.00013223435416875873,cx_depolarizing,cx_depol_0p005,0.9999999999999999,0.9258973488472576,1.0,48,16
65,3,0.9999999999999999,0.9258973488472576,1.0,65:3,0.00013375614647278175,cx_depolarizing,cx_depol_0p010,0.9999999999999999,0.9258973488472576,1.0,48,16
65,3,0.9999999999999999,0.9258973488472576,1.0,65:3,0.00012523881378001533,rz_rotation,rz_bias_0p02,0.9999999999999999,0.9258973488472576,1.0,48,16
65,3,0.9999999999999999,0.9258973488472576,1.0,65:3,0.00012369350103350976,rz_rotation,rz_bias_0p05,0.9999999999999999,0.9258973488472576,1.0,48,16
65,3,0.9999999999999999,0.9258973488472576,1.0,65:3,0.0001244705405648953,rz_rotation,rz_bias_0p10,0.9999999999999999,0.9258973488472576,1.0,48,16
65,3,0.9999999999999999,0.9258973488472576,1.0,65:3,0.00012960935449276198,rz_rotation,rz_sigma_0p02,0.9999999999999999,0.9258973488472576,1.0,48,16
65,3,0.9999999999999999,0.9258973488472576,1.0,65:3,0.00012700087427219842,rz_rotation,rz_sigma_0p05,0.9999999999999999,0.9258973488472576,1.0,48,16
65,3,0.9999999999999999,0.9258973488472576,1.0,65:3,0.00012825437412781562,rz_rotation,rz_sigma_0p10,0.9999999999999999,0.9258973488472576,1.0,48,16
77,8,0.9414302824959915,0.7529927291394518,0.875,77:8,8.28957721144737e-05,baseline,baseline,0.9414302824959915,0.7529927291394518,0.875,48,1
77,8,0.8826985220411018,0.6574082647864651,0.7916666666666666,77:8,8.219885391251107e-05,controlled_phase,cphase_gain_0p02,0.8826985220411018,0.6574082647864651,0.7916666666666666,48,1
77,8,0.8980872365179983,0.6805986065115378,0.8125,77:8,8.3016480251293e-05,controlled_phase,cphase_gain_0p05,0.8980872365179983,0.6805986065115378,0.8125,48,1
77,8,0.800544878322685,0.5466666274950367,0.6875,77:8,8.330123000632739e-05,controlled_phase,cphase_gain_0p10,0.800544878322685,0.5466666274950367,0.6875,48,1
77,8,0.8826985220411018,0.6574082647864651,0.7916666666666666,77:8,0.00016201385339324284,controlled_phase,cphase_sigma_0p02,0.8826985220411018,0.6574082647864651,0.7916666666666666,48,1
77,8,0.8826985220411018,0.6574082647864651,0.7916666666666666,77:8,9.932193764446613e-05,controlled_phase,cphase_sigma_0p05,0.8826985220411018,0.6574082647864651,0.7916666666666666,48,1
77,8,0.9275184258620602,0.7283255295714138,0.8541666666666666,77:8,0.0001206466055615844,controlled_phase,cphase_sigma_0p10,0.9275184258620602,0.7283255295714138,0.8541666666666666,48,1
77,8,0.8980872365179983,0.6805986065115378,0.8125,77:8,8.370218620257219e-05,cx_depolarizing,cx_depol_0p001,0.8980872365179983,0.6805986065115378,0.8125,48,1
77,8,0.6929894535958907,0.4227477150100165,0.5625,77:8,8.273610304361985e-05,cx_depolarizing,cx_depol_0p005,0.6929894535958907,0.4227477150100165,0.5625,48,1
77,8,0.6552890998421255,0.3832899563598438,0.5208333333333334,77:8,8.31415427455795e-05,cx_depolarizing,cx_depol_0p010,0.6552890998421255,0.3832899563598438,0.5208333333333334,48,1
77,8,0.800544878322685,0.5466666274950367,0.6875,77:8,8.282291582872858e-05,rz_rotation,rz_bias_0p02,0.800544878322685,0.5466666274950367,0.6875,48,1
77,8,0.8826985220411018,0.6574082647864651,0.7916666666666666,77:8,8.219966730393935e-05,rz_rotation,rz_bias_0p05,0.8826985220411018,0.6574082647864651,0.7916666666666666,48,1
77,8,0.9275184258620602,0.7283255295714138,0.8541666666666666,77:8,8.328645708388649e-05,rz_rotation,rz_bias_0p10,0.9275184258620602,0.7283255295714138,0.8541666666666666,48,1
77,8,0.8175858393813663,0.5682047226383246,0.7083333333333334,77:8,9.94531468071121e-05,rz_rotation,rz_sigma_0p02,0.8175858393813663,0.5682047226383246,0.7083333333333334,48,1
77,8,0.8826985220411018,0.6574082647864651,0.7916666666666666,77:8,9.77230850670215e-05,rz_rotation,rz_sigma_0p05,0.8826985220411018,0.6574082647864651,0.7916666666666666,48,1
77,8,0.8343419643836709,0.5900276538379887,0.7291666666666666,77:8,9.608068739908049e-05,rz_rotation,rz_sigma_0p10,0.8343419643836709,0.5900276538379887,0.7291666666666666,48,1
77,8,0.9785171568687727,0.8316430233725778,0.9375,77:8,8.390116515026118e-05,baseline,baseline,0.9785171568687727,0.8316430233725778,0.9375,48,2
77,8,0.9963129840206002,0.8910053086246883,0.9791666666666666,77:8,8.370662635570625e-05,controlled_phase,cphase_gain_0p02,0.9963129840206002,0.8910053086246883,0.9791666666666666,48,2
77,8,0.9963129840206002,0.8910053086246883,0.9791666666666666,77:8,8.402258360244257e-05,controlled_phase,cphase_gain_0p05,0.9963129840206002,0.8910053086246883,0.9791666666666666,48,2
77,8,0.9671167756500444,0.8044643483893369,0.9166666666666666,77:8,8.429504244607718e-05,controlled_phase,cphase_gain_0p10,0.9671167756500444,0.8044643483893369,0.9166666666666666,48,2
77,8,0.9884983479210344,0.8602408885222853,0.9583333333333334,77:8,0.00010516670863580657,controlled_phase,cphase_sigma_0p02,0.9884983479210344,0.8602408885222853,0.9583333333333334,48,2
77,8,0.9414302824959915,0.7529927291394518,0.875,77:8,9.055993693133739e-05,controlled_phase,cphase_sigma_0p05,0.9414302824959915,0.7529927291394518,0.875,48,2
77,8,0.9414302824959915,0.7529927291394518,0.875,77:8,9.33420430252833e-05,controlled_phase,cphase_sigma_0p10,0.9414302824959915,0.7529927291394518,0.875,48,2
77,8,0.9671167756500444,0.8044643483893369,0.9166666666666666,77:8,8.501916575672415e-05,cx_depolarizing,cx_depol_0p001,0.9671167756500444,0.8044643483893369,0.9166666666666666,48,2
77,8,0.9130458996054678,0.7042189996260375,0.8333333333333334,77:8,8.50182689949482e-05,cx_depolarizing,cx_depol_0p005,0.9130458996054678,0.7042189996260375,0.8333333333333334,48,2
77,8,0.8507951119028996,0.6121535625207293,0.75,77:8,8.551033382294311e-05,cx_depolarizing,cx_depol_0p010,0.8507951119028996,0.6121535625207293,0.75,48,2
77,8,0.9963129840206002,0.8910053086246883,0.9791666666666666,77:8,8.46006875387199e-05,rz_rotation,rz_bias_0p02,0.9963129840206002,0.8910053086246883,0.9791666666666666,48,2
77,8,0.9999999999999999,0.9258973488472576,1.0,77:8,8.41058120689316e-05,rz_rotation,rz_bias_0p05,0.9999999999999999,0.9258973488472576,1.0,48,2
77,8,0.9884983479210344,0.8602408885222853,0.9583333333333334,77:8,8.426212267901671e-05,rz_rotation,rz_bias_0p10,0.9884983479210344,0.8602408885222853,0.9583333333333334,48,2
77,8,0.9671167756500444,0.8044643483893369,0.9166666666666666,77:8,9.07873545656912e-05,rz_rotation,rz_sigma_0p02,0.9671167756500444,0.8044643483893369,0.9166666666666666,48,2
77,8,0.9671167756500444,0.8044643483893369,0.9166666666666666,77:8,8.89800397393022e-05,rz_rotation,rz_sigma_0p05,0.9671167756500444,0.8044643483893369,0.9166666666666666,48,2
77,8,0.9785171568687727,0.8316430233725778,0.9375,77:8,8.967360463429941e-05,rz_rotation,rz_sigma_0p10,0.9785171568687727,0.8316430233725778,0.9375,48,2
77,8,0.9999999999999999,0.9258973488472576,1.0,77:8,0.00010045577103786248,baseline,baseline,0.9999999999999999,0.9258973488472576,1.0,48,8
77,8,0.9999999999999999,0.9258973488472576,1.0,77:8,0.00010082889760572773,controlled_phase,cphase_gain_0p02,0.9999999999999999,0.9258973488472576,1.0,48,8
77,8,0.9999999999999999,0.9258973488472576,1.0,77:8,0.00010242354073852766,controlled_phase,cphase_gain_0p05,0.9999999999999999,0.9258973488472576,1.0,48,8
77,8,0.9999999999999999,0.9258973488472576,1.0,77:8,0.00010114148002079067,controlled_phase,cphase_gain_0p10,0.9999999999999999,0.9258973488472576,1.0,48,8
77,8,0.9999999999999999,0.9258973488472576,1.0,77:8,0.00012113985485484591,controlled_phase,cphase_sigma_0p02,0.9999999999999999,0.9258973488472576,1.0,48,8
77,8,0.9999999999999999,0.9258973488472576,1.0,77:8,0.00010617018688208191,controlled_phase,cphase_sigma_0p05,0.9999999999999999,0.9258973488472576,1.0,48,8
77,8,0.9999999999999999,0.9258973488472576,1.0,77:8,0.000109875001119993,controlled_phase,cphase_sigma_0p10,0.9999999999999999,0.9258973488472576,1.0,48,8
77,8,0.9999999999999999,0.9258973488472576,1.0,77:8,0.00010377604121458717,cx_depolarizing,cx_depol_0p001,0.9999999999999999,0.9258973488472576,1.0,48,8
77,8,0.9999999999999999,0.9258973488472576,1.0,77:8,0.00010492012461327249,cx_depolarizing,cx_depol_0p005,0.9999999999999999,0.9258973488472576,1.0,48,8
77,8,0.9999999999999999,0.9258973488472576,1.0,77:8,0.00010544189687304122,cx_depolarizing,cx_depol_0p010,0.9999999999999999,0.9258973488472576,1.0,48,8
77,8,0.9999999999999999,0.9258973488472576,1.0,77:8,0.00010215272959612776,rz_rotation,rz_bias_0p02,0.9999999999999999,0.9258973488472576,1.0,48,8
77,8,0.9999999999999999,0.9258973488472576,1.0,77:8,0.00010213981295237318,rz_rotation,rz_bias_0p05,0.9999999999999999,0.9258973488472576,1.0,48,8
77,8,0.9999999999999999,0.9258973488472576,1.0,77:8,0.00010129166730621364,rz_rotation,rz_bias_0p10,0.9999999999999999,0.9258973488472576,1.0,48,8
77,8,0.9999999999999999,0.9258973488472576,1.0,77:8,0.00010632900102791609,rz_rotation,rz_sigma_0p02,0.9999999999999999,0.9258973488472576,1.0,48,8
77,8,0.9999999999999999,0.9258973488472576,1.0,77:8,0.00010446783380757552,rz_rotation,rz_sigma_0p05,0.9999999999999999,0.9258973488472576,1.0,48,8
77,8,0.9999999999999999,0.9258973488472576,1.0,77:8,0.00010487679173820652,rz_rotation,rz_sigma_0p10,0.9999999999999999,0.9258973488472576,1.0,48,8
77,8,0.9999999999999999,0.9258973488472576,1.0,77:8,0.0001238246874587882,baseline,baseline,0.9999999999999999,0.9258973488472576,1.0,48,16
77,8,0.9999999999999999,0.9258973488472576,1.0,77:8,0.00012407896034953106,controlled_phase,cphase_gain_0p02,0.9999999999999999,0.9258973488472576,1.0,48,16
77,8,0.9999999999999999,0.9258973488472576,1.0,77:8,0.00012439858195042083,controlled_phase,cphase_gain_0p05,0.9999999999999999,0.9258973488472576,1.0,48,16
77,8,0.9999999999999999,0.9258973488472576,1.0,77:8,0.00012403035392101933,controlled_phase,cphase_gain_0p10,0.9999999999999999,0.9258973488472576,1.0,48,16
77,8,0.9999999999999999,0.9258973488472576,1.0,77:8,0.00014281597941590007,controlled_phase,cphase_sigma_0p02,0.9999999999999999,0.9258973488472576,1.0,48,16
77,8,0.9999999999999999,0.9258973488472576,1.0,77:8,0.00013054945945138266,controlled_phase,cphase_sigma_0p05,0.9999999999999999,0.9258973488472576,1.0,48,16
77,8,0.9999999999999999,0.9258973488472576,1.0,77:8,0.00013325699940954414,controlled_phase,cphase_sigma_0p10,0.9999999999999999,0.9258973488472576,1.0,48,16
77,8,0.9999999999999999,0.9258973488472576,1.0,77:8,0.00012604072950731884,cx_depolarizing,cx_depol_0p001,0.9999999999999999,0.9258973488472576,1.0,48,16
77,8,0.9999999999999999,0.9258973488472576,1.0,77:8,0.00013075521110295085,cx_depolarizing,cx_depol_0p005,0.9999999999999999,0.9258973488472576,1.0,48,16
77,8,0.9999999999999999,0.9258973488472576,1.0,77:8,0.00013235162441560533,cx_depolarizing,cx_depol_0p010,0.9999999999999999,0.9258973488472576,1.0,48,16
77,8,0.9999999999999999,0.9258973488472576,1.0,77:8,0.00012504418706763923,rz_rotation,rz_bias_0p02,0.9999999999999999,0.9258973488472576,1.0,48,16
77,8,0.9999999999999999,0.9258973488472576,1.0,77:8,0.00012547137339424808,rz_rotation,rz_bias_0p05,0.9999999999999999,0.9258973488472576,1.0,48,16
77,8,0.9999999999999999,0.9258973488472576,1.0,77:8,0.00012476902005194765,rz_rotation,rz_bias_0p10,0.9999999999999999,0.9258973488472576,1.0,48,16
77,8,0.9999999999999999,0.9258973488472576,1.0,77:8,0.00012887150023743743,rz_rotation,rz_sigma_0p02,0.9999999999999999,0.9258973488472576,1.0,48,16
77,8,0.9999999999999999,0.9258973488472576,1.0,77:8,0.00012859731335386945,rz_rotation,rz_sigma_0p05,0.9999999999999999,0.9258973488472576,1.0,48,16
77,8,0.9999999999999999,0.9258973488472576,1.0,77:8,0.00012978995770633142,rz_rotation,rz_sigma_0p10,0.9999999999999999,0.9258973488472576,1.0,48,16
91,9,0.0741026511527422,0.0,0.0,91:9,8.215358381373032e-05,baseline,baseline,0.8343419643836709,0.5900276538379887,0.7291666666666666,48,1
91,9,0.0741026511527422,0.0,0.0,91:9,8.069614553581535e-05,controlled_phase,cphase_gain_0p02,0.8175858393813663,0.5682047226383246,0.7083333333333334,48,1
91,9,0.0741026511527422,0.0,0.0,91:9,8.105214540895152e-05,controlled_phase,cphase_gain_0p05,0.6552890998421255,0.3832899563598438,0.5208333333333334,48,1
91,9,0.0741026511527422,0.0,0.0,91:9,8.08818752678538e-05,controlled_phase,cphase_gain_0p10,0.7478492759593187,0.48362506125249566,0.625,48,1
91,9,0.0741026511527422,0.0,0.0,91:9,9.657987569274458e-05,controlled_phase,cphase_sigma_0p02,0.7478492759593187,0.48362506125249566,0.625,48,1
91,9,0.0741026511527422,0.0,0.0,91:9,9.925516739410038e-05,controlled_phase,cphase_sigma_0p05,0.8175858393813663,0.5682047226383246,0.7083333333333334,48,1
91,9,0.0741026511527422,0.0,0.0,91:9,0.00010171262450361003,controlled_phase,cphase_sigma_0p10,0.8343419643836709,0.5900276538379887,0.7291666666666666,48,1
91,9,0.0741026511527422,0.0,0.0,91:9,0.00016123768849259554,cx_depolarizing,cx_depol_0p001,0.8826985220411018,0.6574082647864651,0.7916666666666666,48,1
91,9,0.0741026511527422,0.0,0.0,91:9,0.0001635702922916001,cx_depolarizing,cx_depol_0p005,0.9275184258620602,0.7283255295714138,0.8541666666666666,48,1
91,9,0.0741026511527422,0.0,0.0,91:9,0.0001628845836118368,cx_depolarizing,cx_depol_0p010,0.9785171568687727,0.8316430233725778,0.9375,48,1
91,9,0.0741026511527422,0.0,0.0,91:9,8.961800085671712e-05,rz_rotation,rz_bias_0p02,0.800544878322685,0.5466666274950367,0.6875,48,1
91,9,0.0741026511527422,0.0,0.0,91:9,8.261800091228604e-05,rz_rotation,rz_bias_0p05,0.7297937350404942,0.4631015459693511,0.6041666666666666,48,1
91,9,0.0741026511527422,0.0,0.0,91:9,8.166062464927866e-05,rz_rotation,rz_bias_0p10,0.6929894535958907,0.4227477150100165,0.5625,48,1
91,9,0.0741026511527422,0.0,0.0,91:9,0.00011285072832833976,rz_rotation,rz_sigma_0p02,0.783233986291032,0.5253984633247204,0.6666666666666666,48,1
91,9,0.0741026511527422,0.0,0.0,91:9,0.00011133074925358717,rz_rotation,rz_sigma_0p05,0.8826985220411018,0.6574082647864651,0.7916666666666666,48,1
91,9,0.0741026511527422,0.0,0.0,91:9,0.00020583860320281625,rz_rotation,rz_sigma_0p10,0.7656654288731427,0.5043879645406409,0.6458333333333334,48,1
91,9,0.0741026511527422,0.0,0.0,91:9,8.156164403771982e-05,baseline,baseline,0.9130458996054678,0.7042189996260375,0.8333333333333334,48,2
91,9,0.0741026511527422,0.0,0.0,91:9,8.080125007836614e-05,controlled_phase,cphase_gain_0p02,0.9130458996054678,0.7042189996260375,0.8333333333333334,48,2
91,9,0.0741026511527422,0.0,0.0,91:9,8.164495860304062e-05,controlled_phase,cphase_gain_0p05,0.9130458996054678,0.7042189996260375,0.8333333333333334,48,2
91,9,0.0741026511527422,0.0,0.0,91:9,8.085839575263283e-05,controlled_phase,cphase_gain_0p10,0.9275184258620602,0.7283255295714138,0.8541666666666666,48,2
91,9,0.0741026511527422,0.0,0.0,91:9,8.749389568644499e-05,controlled_phase,cphase_sigma_0p02,0.9671167756500444,0.8044643483893369,0.9166666666666666,48,2
91,9,0.0741026511527422,0.0,0.0,91:9,8.721004299635145e-05,controlled_phase,cphase_sigma_0p05,0.9785171568687727,0.8316430233725778,0.9375,48,2
91,9,0.0741026511527422,0.0,0.0,91:9,8.868829142253769e-05,controlled_phase,cphase_sigma_0p10,0.9275184258620602,0.7283255295714138,0.8541666666666666,48,2
91,9,0.0741026511527422,0.0,0.0,91:9,0.0001618306881330985,cx_depolarizing,cx_depol_0p001,0.9785171568687727,0.8316430233725778,0.9375,48,2
91,9,0.0741026511527422,0.0,0.0,91:9,0.00016494091657174673,cx_depolarizing,cx_depol_0p005,0.9963129840206002,0.8910053086246883,0.9791666666666666,48,2
91,9,0.0741026511527422,0.0,0.0,91:9,0.0001650823742238572,cx_depolarizing,cx_depol_0p010,0.9999999999999999,0.9258973488472576,1.0,48,2
91,9,0.0741026511527422,0.0,0.0,91:9,8.782468709493212e-05,rz_rotation,rz_bias_0p02,0.8826985220411018,0.6574082647864651,0.7916666666666666,48,2
91,9,0.0741026511527422,0.0,0.0,91:9,8.336804300294413e-05,rz_rotation,rz_bias_0p05,0.9671167756500444,0.8044643483893369,0.9166666666666666,48,2
91,9,0.0741026511527422,0.0,0.0,91:9,8.274389620055445e-05,rz_rotation,rz_bias_0p10,0.9414302824959915,0.7529927291394518,0.875,48,2
91,9,0.0741026511527422,0.0,0.0,91:9,9.164495895674918e-05,rz_rotation,rz_sigma_0p02,0.9671167756500444,0.8044643483893369,0.9166666666666666,48,2
91,9,0.0741026511527422,0.0,0.0,91:9,9.082900154074498e-05,rz_rotation,rz_sigma_0p05,0.9546789490988218,0.7783231187385907,0.8958333333333334,48,2
91,9,0.0741026511527422,0.0,0.0,91:9,0.0001777690834690778,rz_rotation,rz_sigma_0p10,0.9546789490988218,0.7783231187385907,0.8958333333333334,48,2
91,9,0.0741026511527422,0.0,0.0,91:9,9.028824903604497e-05,baseline,baseline,0.9999999999999999,0.9258973488472576,1.0,48,8
91,9,0.0741026511527422,0.0,0.0,91:9,9.08229588579464e-05,controlled_phase,cphase_gain_0p02,0.9999999999999999,0.9258973488472576,1.0,48,8
91,9,0.0741026511527422,0.0,0.0,91:9,9.149041640436432e-05,controlled_phase,cphase_gain_0p05,0.9999999999999999,0.9258973488472576,1.0,48,8
91,9,0.0741026511527422,0.0,0.0,91:9,9.096691640782713e-05,controlled_phase,cphase_gain_0p10,0.9999999999999999,0.9258973488472576,1.0,48,8
91,9,0.0741026511527422,0.0,0.0,91:9,9.742714579867122e-05,controlled_phase,cphase_sigma_0p02,0.9999999999999999,0.9258973488472576,1.0,48,8
91,9,0.0741026511527422,0.0,0.0,91:9,9.47942698985571e-05,controlled_phase,cphase_sigma_0p05,0.9963129840206002,0.8910053086246883,0.9791666666666666,48,8
91,9,0.0741026511527422,0.0,0.0,91:9,9.824483186093858e-05,controlled_phase,cphase_sigma_0p10,0.9999999999999999,0.9258973488472576,1.0,48,8
91,9,0.0741026511527422,0.0,0.0,91:9,0.00018199908269404355,cx_depolarizing,cx_depol_0p001,0.9999999999999999,0.9258973488472576,1.0,48,8
91,9,0.0741026511527422,0.0,0.0,91:9,0.0001946023958225851,cx_depolarizing,cx_depol_0p005,0.9999999999999999,0.9258973488472576,1.0,48,8
91,9,0.0741026511527422,0.0,0.0,91:9,0.00019859370786434738,cx_depolarizing,cx_depol_0p010,0.9999999999999999,0.9258973488472576,1.0,48,8
91,9,0.0741026511527422,0.0,0.0,91:9,9.839227125970258e-05,rz_rotation,rz_bias_0p02,0.9999999999999999,0.9258973488472576,1.0,48,8
91,9,0.0741026511527422,0.0,0.0,91:9,9.235239455544313e-05,rz_rotation,rz_bias_0p05,0.9999999999999999,0.9258973488472576,1.0,48,8
91,9,0.0741026511527422,0.0,0.0,91:9,9.22864155654679e-05,rz_rotation,rz_bias_0p10,0.9999999999999999,0.9258973488472576,1.0,48,8
91,9,0.0741026511527422,0.0,0.0,91:9,9.816237343329703e-05,rz_rotation,rz_sigma_0p02,0.9999999999999999,0.9258973488472576,1.0,48,8
91,9,0.0741026511527422,0.0,0.0,91:9,9.609545850253198e-05,rz_rotation,rz_sigma_0p05,0.9999999999999999,0.9258973488472576,1.0,48,8
91,9,0.0741026511527422,0.0,0.0,91:9,0.00019353033318717885,rz_rotation,rz_sigma_0p10,0.9999999999999999,0.9258973488472576,1.0,48,8
91,9,0.0741026511527422,0.0,0.0,91:9,0.00010219085379503667,baseline,baseline,0.9999999999999999,0.9258973488472576,1.0,48,16
91,9,0.0741026511527422,0.0,0.0,91:9,0.00010274045780533925,controlled_phase,cphase_gain_0p02,0.9999999999999999,0.9258973488472576,1.0,48,16
91,9,0.0741026511527422,0.0,0.0,91:9,0.0001036128730144507,controlled_phase,cphase_gain_0p05,0.9999999999999999,0.9258973488472576,1.0,48,16
91,9,0.0741026511527422,0.0,0.0,91:9,0.00010409199997714798,controlled_phase,cphase_gain_0p10,0.9999999999999999,0.9258973488472576,1.0,48,16
91,9,0.0741026511527422,0.0,0.0,91:9,0.00010814506367751164,controlled_phase,cphase_sigma_0p02,0.9999999999999999,0.9258973488472576,1.0,48,16
91,9,0.0741026511527422,0.0,0.0,91:9,0.00010751568758375167,controlled_phase,cphase_sigma_0p05,0.9999999999999999,0.9258973488472576,1.0,48,16
91,9,0.0741026511527422,0.0,0.0,91:9,0.00010983245950531757,controlled_phase,cphase_sigma_0p10,0.9999999999999999,0.9258973488472576,1.0,48,16
91,9,0.0741026511527422,0.0,0.0,91:9,0.00021103472954564495,cx_depolarizing,cx_depol_0p001,0.9999999999999999,0.9258973488472576,1.0,48,16
91,9,0.0741026511527422,0.0,0.0,91:9,0.00023736287433469747,cx_depolarizing,cx_depol_0p005,0.9999999999999999,0.9258973488472576,1.0,48,16
91,9,0.0741026511527422,0.0,0.0,91:9,0.00024791235379476956,cx_depolarizing,cx_depol_0p010,0.9999999999999999,0.9258973488472576,1.0,48,16
91,9,0.0741026511527422,0.0,0.0,91:9,0.00011102695922697119,rz_rotation,rz_bias_0p02,0.9999999999999999,0.9258973488472576,1.0,48,16
91,9,0.0741026511527422,0.0,0.0,91:9,0.0001050547916747746,rz_rotation,rz_bias_0p05,0.9999999999999999,0.9258973488472576,1.0,48,16
91,9,0.0741026511527422,0.0,0.0,91:9,0.00010433416628075065,rz_rotation,rz_bias_0p10,0.9999999999999999,0.9258973488472576,1.0,48,16
91,9,0.0741026511527422,0.0,0.0,91:9,0.00010846962686628103,rz_rotation,rz_sigma_0p02,0.9999999999999999,0.9258973488472576,1.0,48,16
91,9,0.0741026511527422,0.0,0.0,91:9,0.00010969352024403634,rz_rotation,rz_sigma_0p05,0.9999999999999999,0.9258973488472576,1.0,48,16
91,9,0.0741026511527422,0.0,0.0,91:9,0.00021851124802196864,rz_rotation,rz_sigma_0p10,0.9999999999999999,0.9258973488472576,1.0,48,16
