M,N,approximate_entropy_bits,approximate_peak,approximate_top2_gap,compiled_cx,compiled_cx_saving,compiled_depth,compiled_depth_saving,cp_saving,cutoff,cutoff_cp,d,distribution_m_shot_bound,distribution_tv,distribution_tv_certified,entropy_broadening_bits,exact_cp,exact_entropy_bits,exact_peak,exact_top2_gap,fraction_change_on_low_probability_outcomes,hellinger_affinity,hellinger_certified,hellinger_product_bound,m,model,omitted_layers,one_register_operator_error,original_certified,original_m_shot_bound,original_per_shot_bound,peak_torus_displacement,phase_triangle_bound,product_operator_error,product_triangle_bound,q,state_certified,state_m_shot_bound,state_norm_error,state_trace_bound,top2_gap_change
8,55,5.22625917911787,"[0, 0]",0.0,6,12,6,14,6,0,0,2,1.0,0.2991246164367364,False,0.26472487835602365,6,4.961534300761846,"[0, 0]",0.0,0.5396889033053913,0.9039924617932398,False,0.8698318370074355,7,A_uniform_hard_box,2,1.98288972274762,False,1.0,1.0,0.0,3.9269908169872414,1.9999999999999993,7.853981633974483,3,False,1.0,1.3344624546778954,0.9771235693945743,0.0
8,55,5.166667966567748,"[0, 0]",0.0,14,4,18,2,2,1,4,2,0.6925051275571549,0.0989293039367364,False,0.20513366580590198,6,4.961534300761846,"[0, 0]",0.0,0.5163553331887849,0.9852453832171002,False,0.43344800305338094,7,A_uniform_hard_box,1,0.7653668647301793,False,1.0,1.0,0.0,0.7853981633974483,1.4142135623730947,1.5707963267948966,3,False,1.0,0.587085951211651,0.4556382296502428,0.0
8,55,4.961534300761846,"[0, 0]",0.0,18,0,20,0,0,2,6,2,0.0,0.0,True,0.0,6,4.961534300761846,"[0, 0]",0.0,0.0,1.0,True,0.0,7,A_uniform_hard_box,0,0.0,True,0.0,0.0,0.0,0.0,0.0,0.0,3,True,3.129243850708008e-07,0.0,4.470348358154297e-08,0.0
8,55,5.836670422332716,"[0, 0]",0.0,6,12,6,14,6,0,0,2,1.0,0.24891028444858415,False,0.236150260383317,6,5.600520161949399,"[0, 0]",0.0,0.5576274120213421,0.9382302805069549,False,0.768391916455971,7,B_exact_finite_discrete_gaussian,2,1.98288972274762,False,1.0,1.0,0.0,3.9269908169872414,1.9999999999999993,7.853981633974483,3,False,1.0,1.3129023562349098,0.9650010633021632,0.0
8,55,5.770948431325655,"[0, 0]",0.0,14,4,18,2,2,1,4,2,0.5778166562852436,0.08254523661217765,False,0.17042826937625577,6,5.600520161949399,"[0, 0]",0.0,0.5063196169526463,0.9899320786097578,False,0.36343947156063816,7,B_exact_finite_discrete_gaussian,1,0.7653668647301793,False,1.0,1.0,0.0,0.7853981633974483,1.4142135623730947,1.5707963267948966,3,False,1.0,0.5860337422060621,0.4551916689564455,0.0
8,55,5.600520161949399,"[0, 0]",0.0,18,0,20,0,0,2,6,2,0.0,0.0,True,0.0,6,5.600520161949399,"[0, 0]",0.0,0.0,1.0,True,0.0,7,B_exact_finite_discrete_gaussian,0,0.0,True,0.0,0.0,0.0,0.0,0.0,0.0,3,True,2.950279395762582e-07,0.0,4.2146848510894035e-08,0.0
8,65,5.059703343160095,"[0, 0]",0.0,6,12,6,14,6,0,0,2,1.0,0.20312499999999997,False,-0.017558541740715583,6,5.07726188490081,"[0, 0]",0.0,0.5384615384615384,0.9457105235893634,False,0.736385743730921,7,A_uniform_hard_box,2,1.98288972274762,False,1.0,1.0,0.0,3.9269908169872414,1.9999999999999993,7.853981633974483,3,False,1.0,1.210947733214293,0.9600209025941433,0.0
8,65,5.07726188490081,"[0, 0]",0.0,14,4,18,2,2,1,4,2,4.128641872824801e-16,5.898059818321144e-17,True,0.0,6,5.07726188490081,"[0, 0]",0.0,0.5294117647058824,1.0,True,0.0,7,A_uniform_hard_box,1,0.7653668647301793,False,1.0,1.0,0.0,0.7853981633974483,1.4142135623730947,1.5707963267948966,3,False,1.0,0.6087349684044835,0.4870119915966204,0.0
8,65,5.07726188490081,"[0, 0]",0.0,18,0,20,0,0,2,6,2,0.0,0.0,True,0.0,6,5.07726188490081,"[0, 0]",0.0,0.0,1.0,True,0.0,7,A_uniform_hard_box,0,0.0,True,0.0,0.0,0.0,0.0,0.0,0.0,3,True,3.129243850708008e-07,0.0,4.470348358154297e-08,0.0
8,65,5.785890007338802,"[0, 0]",0.0,6,12,6,14,6,0,0,2,1.0,0.1515249284817296,False,0.13716914967202865,6,5.648720857666773,"[0, 0]",0.0,0.5697001933196641,0.9669071733409091,False,0.6129512027386833,7,B_exact_finite_discrete_gaussian,2,1.98288972274762,False,1.0,1.0,0.0,3.9269908169872414,1.9999999999999993,7.853981633974483,3,False,1.0,1.3112095157257333,0.9705576897905629,0.0
8,65,5.648720857666772,"[0, 0]",0.0,14,4,18,2,2,1,4,2,3.885780586188048e-16,5.551115123125783e-17,True,-8.881784197001252e-16,6,5.648720857666773,"[0, 0]",0.0,0.25,1.0,True,0.0,7,B_exact_finite_discrete_gaussian,1,0.7653668647301793,False,1.0,1.0,0.0,0.7853981633974483,1.4142135623730947,1.5707963267948966,3,False,1.0,0.5895098460770689,0.46033772946045814,0.0
8,65,5.648720857666773,"[0, 0]",0.0,18,0,20,0,0,2,6,2,0.0,0.0,True,0.0,6,5.648720857666773,"[0, 0]",0.0,0.0,1.0,True,0.0,7,B_exact_finite_discrete_gaussian,0,0.0,True,0.0,0.0,0.0,0.0,0.0,0.0,3,True,2.759733673550507e-07,0.0,3.942476676500724e-08,0.0
8,85,4.0,"[0, 0]",0.0,6,12,6,14,6,0,0,2,0.0,0.0,True,0.0,6,4.0,"[0, 0]",0.0,0.0,1.0,True,0.0,7,A_uniform_hard_box,2,1.98288972274762,False,1.0,1.0,0.0,3.9269908169872414,1.9999999999999993,7.853981633974483,3,False,1.0,1.1944775825843847,0.9248533725603422,0.0
8,85,4.0,"[0, 0]",0.0,14,4,18,2,2,1,4,2,0.0,0.0,True,0.0,6,4.0,"[0, 0]",0.0,0.0,1.0,True,0.0,7,A_uniform_hard_box,1,0.7653668647301793,False,1.0,1.0,0.0,0.7853981633974483,1.4142135623730947,1.5707963267948966,3,False,1.0,0.3826834323650896,0.3314135740355934,0.0
8,85,4.0,"[0, 0]",0.0,18,0,20,0,0,2,6,2,0.0,0.0,True,0.0,6,4.0,"[0, 0]",0.0,0.0,1.0,True,0.0,7,A_uniform_hard_box,0,0.0,True,0.0,0.0,0.0,0.0,0.0,0.0,3,True,2.086162567138672e-07,0.0,2.9802322387695312e-08,0.0
8,85,5.8164767757005755,"[0, 0]",0.0,6,12,6,14,6,0,0,2,0.19743388720434898,0.028204841029192712,False,-0.007401415968102398,6,5.823878191668678,"[0, 0]",0.0,1.0,0.9987112093519933,False,0.13376358329297058,7,B_exact_finite_discrete_gaussian,2,1.98288972274762,False,1.0,1.0,0.0,3.9269908169872414,1.9999999999999993,7.853981633974483,3,False,1.0,1.2409339920567184,0.9429370464669821,0.0
8,85,5.823878191668678,"[0, 0]",0.0,14,4,18,2,2,1,4,2,0.0,0.0,True,0.0,6,5.823878191668678,"[0, 0]",0.0,0.0,1.0,True,0.0,7,B_exact_finite_discrete_gaussian,1,0.7653668647301793,False,1.0,1.0,0.0,0.7853981633974483,1.4142135623730947,1.5707963267948966,3,False,1.0,0.5145351370384272,0.4196076407887732,0.0
8,85,5.823878191668678,"[0, 0]",0.0,18,0,20,0,0,2,6,2,0.0,0.0,True,0.0,6,5.823878191668678,"[0, 0]",0.0,0.0,1.0,True,0.0,7,B_exact_finite_discrete_gaussian,0,0.0,True,0.0,0.0,0.0,0.0,0.0,0.0,3,True,2.950279395762582e-07,0.0,4.2146848510894035e-08,0.0
8,95,5.573448473093168,"[0, 0]",0.0,6,12,6,14,6,0,0,2,1.0,0.2623552769683682,False,0.12063074677027696,6,5.452817726322891,"[0, 0]",0.0,0.48037579548066056,0.9339572216638101,False,0.7847177403612094,7,A_uniform_hard_box,2,1.98288972274762,False,1.0,1.0,0.0,3.9269908169872414,1.9999999999999993,7.853981633974483,3,False,1.0,1.3547979712654405,0.9662590313941921,0.0
8,95,5.572505120327866,"[0, 0]",0.0,14,4,18,2,2,1,4,2,0.5612827482112045,0.08018324974445779,False,0.11968739400497519,6,5.452817726322891,"[0, 0]",0.0,0.5000000000000003,0.991986205564271,False,0.32639284726686,7,A_uniform_hard_box,1,0.7653668647301793,False,1.0,1.0,0.0,0.7853981633974483,1.4142135623730947,1.5707963267948966,3,False,1.0,0.587085951211651,0.45563822965024303,0.0
8,95,5.452817726322891,"[0, 0]",0.0,18,0,20,0,0,2,6,2,0.0,0.0,True,0.0,6,5.452817726322891,"[0, 0]",0.0,0.0,1.0,True,0.0,7,A_uniform_hard_box,0,0.0,True,0.0,0.0,0.0,0.0,0.0,0.0,3,True,2.086162567138672e-07,0.0,2.9802322387695312e-08,0.0
8,95,5.960919994889803,"[0, 0]",0.0,6,12,6,14,6,0,0,2,0.5585251960482795,0.0797893137211828,False,0.023838925786115794,6,5.937081069103687,"[0, 0]",0.0,0.5860203690880649,0.9946571165437852,False,0.2688072839623026,7,B_exact_finite_discrete_gaussian,2,1.98288972274762,False,1.0,1.0,0.0,3.9269908169872414,1.9999999999999993,7.853981633974483,3,False,1.0,1.31391489293819,0.9597898041643348,0.0
8,95,5.9549276454187865,"[0, 0]",0.0,14,4,18,2,2,1,4,2,0.21022396929430268,0.03003199561347181,False,0.017846576315099227,6,5.937081069103687,"[0, 0]",0.0,0.5411424071643534,0.9992120733546407,False,0.10475998912962067,7,B_exact_finite_discrete_gaussian,1,0.7653668647301793,False,1.0,1.0,0.0,0.7853981633974483,1.4142135623730947,1.5707963267948966,3,False,1.0,0.5860337422060623,0.45519166895644564,0.0
8,95,5.937081069103687,"[0, 0]",0.0,18,0,20,0,0,2,6,2,0.0,0.0,True,0.0,6,5.937081069103687,"[0, 0]",0.0,0.0,1.0,True,0.0,7,B_exact_finite_discrete_gaussian,0,0.0,True,0.0,0.0,0.0,0.0,0.0,0.0,3,True,2.950279395762582e-07,0.0,4.2146848510894035e-08,0.0
8,115,5.756034034853288,"[0, 0]",0.0,6,12,6,14,6,0,0,2,1.0,0.3242088854806966,False,0.26653406784691214,6,5.489499967006376,"[0, 0]",0.0,0.5150606991932389,0.9102628448610084,False,0.8554976117356019,7,A_uniform_hard_box,2,1.98288972274762,False,1.0,1.0,0.0,3.9269908169872414,1.9999999999999993,7.853981633974483,3,False,1.0,1.3800179817151055,0.9665744270840365,0.0
8,115,5.6822611096117885,"[0, 0]",0.0,14,4,18,2,2,1,4,2,0.7256298321197967,0.1036614045885424,False,0.19276114260541277,6,5.489499967006376,"[0, 0]",0.0,0.5565241713949115,0.9856970825273491,False,0.42737454850350104,7,A_uniform_hard_box,1,0.7653668647301793,False,1.0,1.0,0.0,0.7853981633974483,1.4142135623730947,1.5707963267948966,3,False,1.0,0.587085951211651,0.45563822965024303,0.0
8,115,5.489499967006376,"[0, 0]",0.0,18,0,20,0,0,2,6,2,0.0,0.0,True,0.0,6,5.489499967006376,"[0, 0]",0.0,0.0,1.0,True,0.0,7,A_uniform_hard_box,0,0.0,True,0.0,0.0,0.0,0.0,0.0,0.0,3,True,2.086162567138672e-07,0.0,2.9802322387695312e-08,0.0
8,115,5.941867508381419,"[0, 0]",0.0,6,12,6,14,6,0,0,2,1.0,0.19791798847095327,False,0.1415657555701184,6,5.800301752811301,"[0, 0]",0.0,0.528632683873785,0.9660948802221963,False,0.6188793908289197,7,B_exact_finite_discrete_gaussian,2,1.98288972274762,False,1.0,1.0,0.0,3.9269908169872414,1.9999999999999993,7.853981633974483,3,False,1.0,1.3169638366019298,0.955072683633791,0.0
8,115,5.889513771305316,"[0, 0]",0.0,14,4,18,2,2,1,4,2,0.42435437187487346,0.06062205312498192,False,0.08921201849401506,6,5.800301752811301,"[0, 0]",0.0,0.5063929817994594,0.9954355577493801,False,0.24907924413797275,7,B_exact_finite_discrete_gaussian,1,0.7653668647301793,False,1.0,1.0,0.0,0.7853981633974483,1.4142135623730947,1.5707963267948966,3,False,1.0,0.5860337422060622,0.45519166895644564,0.0
8,115,5.800301752811301,"[0, 0]",0.0,18,0,20,0,0,2,6,2,0.0,0.0,True,0.0,6,5.800301752811301,"[0, 0]",0.0,0.0,1.0,True,0.0,7,B_exact_finite_discrete_gaussian,0,0.0,True,0.0,0.0,0.0,0.0,0.0,0.0,3,True,2.950279395762582e-07,0.0,4.2146848510894035e-08,0.0
8,119,5.620741187155563,"[0, 0]",0.0,6,12,6,14,6,0,0,2,1.0,0.201391989008219,False,0.06272499334527915,6,5.558016193810284,"[0, 0]",0.0,0.4418112405676586,0.9643164527340953,False,0.6314457375865158,7,A_uniform_hard_box,2,1.98288972274762,False,1.0,1.0,0.0,3.9269908169872414,1.9999999999999993,7.853981633974483,3,False,1.0,1.350714255306767,0.965772815632426,0.0
8,119,5.593417373059252,"[0, 0]",0.0,14,4,18,2,2,1,4,2,0.27343750000000056,0.039062500000000076,False,0.03540117924896791,6,5.558016193810284,"[0, 0]",0.0,0.49999999999999956,0.9968178520361228,False,0.20890243313546414,7,A_uniform_hard_box,1,0.7653668647301793,False,1.0,1.0,0.0,0.7853981633974483,1.4142135623730947,1.5707963267948966,3,False,1.0,0.587085951211651,0.4556382296502423,0.0
8,119,5.558016193810284,"[0, 0]",0.0,18,0,20,0,0,2,6,2,0.0,0.0,True,0.0,6,5.558016193810284,"[0, 0]",0.0,0.0,1.0,True,0.0,7,A_uniform_hard_box,0,0.0,True,0.0,0.0,0.0,0.0,0.0,0.0,3,True,2.3324006561187697e-07,0.0,3.332000937312528e-08,0.0
8,119,5.973994579494754,"[0, 0]",0.0,6,12,6,14,6,0,0,2,0.17656747988153154,0.02522392569736165,False,0.0005224040705460453,6,5.973472175424208,"[0, 0]",0.0,0.518660383813918,0.9994396877793116,False,0.0884073842610777,7,B_exact_finite_discrete_gaussian,2,1.98288972274762,False,1.0,1.0,0.0,3.9269908169872414,1.9999999999999993,7.853981633974483,3,False,1.0,1.3138862139824654,0.9597844321061675,0.0
8,119,5.974351839563376,"[0, 0]",0.0,14,4,18,2,2,1,4,2,0.036491646314963155,0.005213092330709022,True,0.0008796641391679572,6,5.973472175424208,"[0, 0]",0.0,0.500000000000003,0.9999665666433835,True,0.021632505342750182,7,B_exact_finite_discrete_gaussian,1,0.7653668647301793,False,1.0,1.0,0.0,0.7853981633974483,1.4142135623730947,1.5707963267948966,3,False,1.0,0.5860337422060622,0.45519166895644564,0.0
8,119,5.973472175424208,"[0, 0]",0.0,18,0,20,0,0,2,6,2,0.0,0.0,True,0.0,6,5.973472175424208,"[0, 0]",0.0,0.0,1.0,True,0.0,7,B_exact_finite_discrete_gaussian,0,0.0,True,0.0,0.0,0.0,0.0,0.0,0.0,3,True,2.759733673550507e-07,0.0,3.942476676500724e-08,0.0
8,133,5.8840124624777665,"[0, 0]",0.006835937500000007,6,12,6,14,6,0,0,2,1.0,0.25034207854047263,False,0.17583863583119808,6,5.7081738266465685,"[0, 0]",0.0028602853399751355,0.5043167562813962,0.9417080823842435,False,0.7540899292670105,7,A_uniform_hard_box,2,1.98288972274762,False,1.0,1.0,0.0,3.9269908169872414,1.9999999999999993,7.853981633974483,3,False,1.0,1.3788450189927053,0.9591452061690071,0.0039756521600248715
8,133,5.8198849650646185,"[0, 0]",0.009765625000000003,14,4,18,2,2,1,4,2,0.49458204978330866,0.07065457854047266,False,0.11171113841805003,6,5.7081738266465685,"[0, 0]",0.0028602853399751355,0.5138216449687066,0.9937008237665355,False,0.2909760243892645,7,A_uniform_hard_box,1,0.7653668647301793,False,1.0,1.0,0.0,0.7853981633974483,1.4142135623730947,1.5707963267948966,3,False,1.0,0.587085951211651,0.4556382296502428,0.006905339660024868
8,133,5.7081738266465685,"[0, 0]",0.0028602853399751355,18,0,20,0,0,2,6,2,0.0,0.0,True,0.0,6,5.7081738266465685,"[0, 0]",0.0028602853399751355,0.0,1.0,True,0.0,7,A_uniform_hard_box,0,0.0,True,0.0,0.0,0.0,0.0,0.0,0.0,3,True,2.086162567138672e-07,0.0,2.9802322387695312e-08,0.0
8,133,5.989350667150491,"[0, 0]",0.0008615795268832153,6,12,6,14,6,0,0,2,0.5623855097429485,0.0803407871061355,False,0.026333474521365474,6,5.963017192629126,"[0, 0]",0.00012617540044630032,0.5120815878399579,0.9947446370197084,False,0.26667179302931243,7,B_exact_finite_discrete_gaussian,2,1.98288972274762,False,1.0,1.0,0.0,3.9269908169872414,1.9999999999999993,7.853981633974483,3,False,1.0,1.3162236197953376,0.9546590562243678,0.000735404126436915
8,133,5.979218213467968,"[0, 0]",0.00043078976344160594,14,4,18,2,2,1,4,2,0.1859023306068021,0.02655747580097173,False,0.01620102083884234,6,5.963017192629126,"[0, 0]",0.00012617540044630032,0.5002556716110041,0.9992989488162856,False,0.09884390585416583,7,B_exact_finite_discrete_gaussian,1,0.7653668647301793,False,1.0,1.0,0.0,0.7853981633974483,1.4142135623730947,1.5707963267948966,3,False,1.0,0.5860337422060621,0.4551916689564455,0.0003046143629953056
8,133,5.963017192629126,"[0, 0]",0.00012617540044630032,18,0,20,0,0,2,6,2,0.0,0.0,True,0.0,6,5.963017192629126,"[0, 0]",0.00012617540044630032,0.0,1.0,True,0.0,7,B_exact_finite_discrete_gaussian,0,0.0,True,0.0,0.0,0.0,0.0,0.0,0.0,3,True,2.950279395762582e-07,0.0,4.2146848510894035e-08,0.0
8,161,5.72202351029564,"[0, 0]",0.0,6,12,6,14,6,0,0,2,1.0,0.15570175798829355,False,0.0433372175190323,6,5.678686292776607,"[0, 0]",0.0004290428009962703,0.4874559862057123,0.9637835265218759,False,0.6351056220900708,7,A_uniform_hard_box,2,1.98288972274762,False,1.0,1.0,0.0,3.9269908169872414,1.9999999999999993,7.853981633974483,3,False,1.0,1.3748327327151306,0.9588447663449515,-0.0004290428009962703
8,161,5.756128322837711,"[0, 0]",0.00048828125,14,4,18,2,2,1,4,2,0.33412148683611015,0.047731640976587164,False,0.0774420300611034,6,5.678686292776607,"[0, 0]",0.0004290428009962703,0.49999999999999944,0.9965782495602986,False,0.2164566714789519,7,A_uniform_hard_box,1,0.7653668647301793,False,1.0,1.0,0.0,0.7853981633974483,1.4142135623730947,1.5707963267948966,3,False,1.0,0.5870859512116511,0.4556382296502428,5.923844900372968e-05
8,161,5.678686292776607,"[0, 0]",0.0004290428009962703,18,0,20,0,0,2,6,2,0.0,0.0,True,0.0,6,5.678686292776607,"[0, 0]",0.0004290428009962703,0.0,1.0,True,0.0,7,A_uniform_hard_box,0,0.0,True,0.0,0.0,0.0,0.0,0.0,0.0,3,True,1.475139697881291e-07,0.0,2.1073424255447017e-08,0.0
8,161,5.967240914751983,"[0, 0]",0.0,6,12,6,14,6,0,0,2,0.508087967334129,0.072583995333447,False,0.00963816734562073,6,5.957602747406362,"[0, 0]",1.6177095089817128e-06,0.5002115725776362,0.9928251363049484,False,0.30966976295642645,7,B_exact_finite_discrete_gaussian,2,1.98288972274762,False,1.0,1.0,0.0,3.9269908169872414,1.9999999999999993,7.853981633974483,3,False,1.0,1.3161949911451354,0.9546537751341072,-1.6177095089817128e-06
8,161,5.968200011747424,"[0, 0]",2.2489189296301393e-06,14,4,18,2,2,1,4,2,0.1234018458882502,0.017628835126892888,False,0.010597264341061674,6,5.957602747406362,"[0, 0]",1.6177095089817128e-06,0.500000000000001,0.9996757322784708,False,0.06730670020129663,7,B_exact_finite_discrete_gaussian,1,0.7653668647301793,False,1.0,1.0,0.0,0.7853981633974483,1.4142135623730947,1.5707963267948966,3,False,1.0,0.5860337422060621,0.4551916689564455,6.312094206484264e-07
8,161,5.957602747406362,"[0, 0]",1.6177095089817128e-06,18,0,20,0,0,2,6,2,0.0,0.0,True,0.0,6,5.957602747406362,"[0, 0]",1.6177095089817128e-06,0.0,1.0,True,0.0,7,B_exact_finite_discrete_gaussian,0,0.0,True,0.0,0.0,0.0,0.0,0.0,0.0,3,True,3.129243850708008e-07,0.0,4.470348358154297e-08,0.0
16,55,6.448432982077017,"[0, 0]",0.0,12,24,6,22,12,0,0,2,1.0,0.5512260265753941,False,1.0260207590115797,12,5.422412223065438,"[0, 0]",0.0,0.53215868022841,0.7030899816722094,False,0.9963866662673716,7,A_uniform_hard_box,3,1.9957178464772065,False,1.0,1.0,0.0,6.675884388878311,1.999999999999999,13.351768777756622,4,False,1.0,1.327182784212366,0.9927194661163714,0.0
16,55,6.1905400579497325,"[0, 0]",0.0,24,12,24,4,6,1,6,2,1.0,0.269797038129302,False,0.7681278348842948,12,5.422412223065438,"[0, 0]",0.0,0.5387154467454609,0.9054450975097705,False,0.866645440665657,7,A_uniform_hard_box,2,1.66293922460509,False,1.0,1.0,0.0,1.9634954084936207,1.9999999999999991,3.9269908169872414,4,False,1.0,1.082901927486053,0.7408368808111846,0.0
16,55,5.5592307152411795,"[0, 0]",0.0,32,4,28,0,2,2,10,2,0.25999434422618806,0.03714204917516972,False,0.13681849217574182,12,5.422412223065438,"[0, 0]",0.0,0.5760543260992315,0.9933723556612988,False,0.2981507132406795,7,A_uniform_hard_box,1,0.3901806440322565,False,1.0,1.0,0.0,0.39269908169872414,0.7653668647301796,0.7853981633974483,4,False,1.0,0.30610782898876726,0.23722462684796852,0.0
16,55,5.422412223065438,"[0, 0]",0.0,36,0,28,0,0,3,12,2,0.0,0.0,True,0.0,12,5.422412223065438,"[0, 0]",0.0,0.0,1.0,True,0.0,7,A_uniform_hard_box,0,0.0,True,0.0,0.0,0.0,0.0,0.0,0.0,4,True,3.613339559132499e-07,0.0,5.1619136559035694e-08,0.0
16,55,7.836164330114384,"[0, 0]",0.0,12,24,6,22,12,0,0,2,1.0,0.3501792145963074,False,0.267205934405192,12,7.568958395709192,"[0, 0]",0.0,0.526651076690047,0.897617978623314,False,0.8829294817397042,7,B_exact_finite_discrete_gaussian,3,1.9957178464772065,False,1.0,1.0,0.0,6.675884388878311,1.999999999999999,13.351768777756622,4,False,1.0,1.3488900214081563,0.984721486807445,0.0
16,55,7.841920225280504,"[0, 0]",0.0,24,12,24,4,6,1,6,2,1.0,0.15822745138145117,False,0.27296182957131165,12,7.568958395709192,"[0, 0]",0.0,0.5129813174975404,0.9716773068400855,False,0.5754829557619704,7,B_exact_finite_discrete_gaussian,2,1.66293922460509,False,1.0,1.0,0.0,1.9634954084936207,1.9999999999999991,3.9269908169872414,4,False,1.0,1.0135900480382003,0.7014895098851657,0.0
16,55,7.630731530182107,"[0, 0]",0.0,32,4,28,0,2,2,10,2,0.15843157482620598,0.022633082118029425,False,0.0617731344729151,12,7.568958395709192,"[0, 0]",0.0,0.5201290770271201,0.998658833266012,False,0.1364313926134943,7,B_exact_finite_discrete_gaussian,1,0.3901806440322565,False,1.0,1.0,0.0,0.39269908169872414,0.7653668647301796,0.7853981633974483,4,False,1.0,0.3054285791309794,0.23693283380020927,0.0
16,55,7.568958395709192,"[0, 0]",0.0,36,0,28,0,0,3,12,2,0.0,0.0,True,0.0,12,7.568958395709192,"[0, 0]",0.0,0.0,0.9999999999999998,True,5.5755039852469285e-08,7,B_exact_finite_discrete_gaussian,0,0.0,True,0.0,0.0,0.0,0.0,0.0,0.0,4,True,3.90285278967285e-07,0.0,5.5755039852469285e-08,0.0
16,65,6.161383096343487,"[0, 0]",0.0,12,24,6,22,12,0,0,2,1.0,0.4697201856149429,False,0.6084871293978296,12,5.552895966945657,"[0, 0]",0.0,0.5583822384280641,0.743533723020053,False,0.9920767506490119,7,A_uniform_hard_box,3,1.9957178464772065,False,1.0,1.0,0.0,6.675884388878311,1.999999999999999,13.351768777756622,4,False,1.0,1.17125168626315,0.9490264048891289,0.0
16,65,5.951714834149594,"[0, 0]",0.0,24,12,24,4,6,1,6,2,0.8689487625906528,0.1241355375129504,False,0.39881886720393656,12,5.552895966945657,"[0, 0]",0.0,0.5797872190227275,0.9642355041581623,False,0.632004717980972,7,A_uniform_hard_box,2,1.66293922460509,False,1.0,1.0,0.0,1.9634954084936207,1.9999999999999991,3.9269908169872414,4,False,1.0,1.028216451343433,0.7686530778496413,0.0
16,65,5.552895966945657,"[0, 0]",0.0,32,4,28,0,2,2,10,2,3.0670724206899314e-16,4.381532029557045e-17,True,0.0,12,5.552895966945657,"[0, 0]",0.0,0.20024992189940644,1.0,True,0.0,7,A_uniform_hard_box,1,0.3901806440322565,False,1.0,1.0,0.0,0.39269908169872414,0.7653668647301796,0.7853981633974483,4,False,1.0,0.3201449214152366,0.2555685157639243,0.0
16,65,5.552895966945657,"[0, 0]",0.0,36,0,28,0,0,3,12,2,0.0,0.0,True,0.0,12,5.552895966945657,"[0, 0]",0.0,0.0,1.0,True,0.0,7,A_uniform_hard_box,0,0.0,True,0.0,0.0,0.0,0.0,0.0,0.0,4,True,3.613339559132499e-07,0.0,5.1619136559035694e-08,0.0
16,65,7.785382944207743,"[0, 0]",0.0,12,24,6,22,12,0,0,2,1.0,0.3208233895067516,False,0.1539022921020088,12,7.631480652105735,"[0, 0]",0.0,0.528189781936306,0.8959309905017666,False,0.8861682537890211,7,B_exact_finite_discrete_gaussian,3,1.9957178464772065,False,1.0,1.0,0.0,6.675884388878311,1.999999999999999,13.351768777756622,4,False,1.0,1.345803822902276,0.9864788497077576,0.0
16,65,7.780400497509454,"[0, 0]",0.0,24,12,24,4,6,1,6,2,0.5611892510179066,0.08016989300255808,False,0.14891984540371972,12,7.631480652105735,"[0, 0]",0.0,0.5136833712042834,0.9905568622227843,False,0.3526866909026566,7,B_exact_finite_discrete_gaussian,2,1.66293922460509,False,1.0,1.0,0.0,1.9634954084936207,1.9999999999999991,3.9269908169872414,4,False,1.0,1.0136701155164527,0.7023091645211349,0.0
16,65,7.631480652105735,"[0, 0]",0.0,32,4,28,0,2,2,10,2,3.2634485391813683e-16,4.662069341687669e-17,True,0.0,12,7.631480652105735,"[0, 0]",0.0,0.2186046511627907,1.0,True,0.0,7,B_exact_finite_discrete_gaussian,1,0.3901806440322565,False,1.0,1.0,0.0,0.39269908169872414,0.7653668647301796,0.7853981633974483,4,False,1.0,0.30542877834698373,0.2369330985230224,0.0
16,65,7.631480652105735,"[0, 0]",0.0,36,0,28,0,0,3,12,2,0.0,0.0,True,0.0,12,7.631480652105735,"[0, 0]",0.0,0.0,1.0,True,0.0,7,B_exact_finite_discrete_gaussian,0,0.0,True,0.0,0.0,0.0,0.0,0.0,0.0,4,True,3.7608830523860343e-07,0.0,5.3726900748371916e-08,0.0
16,85,4.0,"[0, 0]",0.0,12,24,6,22,12,0,0,2,2.8908517875875333e-33,4.1297882679821904e-34,True,0.0,12,4.0,"[0, 0]",0.0,0.9999999999999998,1.0,True,0.0,7,A_uniform_hard_box,3,1.9957178464772065,False,1.0,1.0,0.0,6.675884388878311,1.999999999999999,13.351768777756622,4,False,1.0,1.1944775825843843,0.9248533725603422,0.0
16,85,4.0,"[0, 0]",0.0,24,12,24,4,6,1,6,2,2.3724370890145802e-33,3.3891958414494e-34,True,0.0,12,4.0,"[0, 0]",0.0,1.0,1.0,True,0.0,7,A_uniform_hard_box,2,1.66293922460509,False,1.0,1.0,0.0,1.9634954084936207,1.9999999999999991,3.9269908169872414,4,False,1.0,0.3826834323650895,0.33141357403559524,0.0
16,85,4.0,"[0, 0]",0.0,32,4,28,0,2,2,10,2,1.0894739270015162e-33,1.5563913242878803e-34,True,0.0,12,4.0,"[0, 0]",0.0,1.0,1.0,True,0.0,7,A_uniform_hard_box,1,0.3901806440322565,False,1.0,1.0,0.0,0.39269908169872414,0.7653668647301796,0.7853981633974483,4,True,3.7608830523860343e-07,2.9718601073337316e-17,5.3726900748371916e-08,0.0
16,85,4.0,"[0, 0]",0.0,36,0,28,0,0,3,12,2,0.0,0.0,True,0.0,12,4.0,"[0, 0]",0.0,0.0,1.0,True,0.0,7,A_uniform_hard_box,0,0.0,True,0.0,0.0,0.0,0.0,0.0,0.0,4,True,3.7608830523860343e-07,0.0,5.3726900748371916e-08,0.0
16,85,7.814648216944207,"[0, 0]",0.0,12,24,6,22,12,0,0,2,1.0,0.1822801213593045,False,-0.07225270233630354,12,7.88690091928051,"[0, 0]",0.0,0.5906516334478281,0.9708227869991664,False,0.58255319227394,7,B_exact_finite_discrete_gaussian,3,1.9957178464772065,False,1.0,1.0,0.0,6.675884388878311,1.999999999999999,13.351768777756622,4,False,1.0,1.3170753022964126,0.9820751886650121,0.0
16,85,7.899807197642065,"[0, 0]",0.0,24,12,24,4,6,1,6,2,0.09734360672900119,0.013906229532714455,False,0.012906278361555223,12,7.88690091928051,"[0, 0]",0.0,0.49999999999999956,0.9994657465376993,False,0.0863344083309376,7,B_exact_finite_discrete_gaussian,2,1.66293922460509,False,1.0,1.0,0.0,1.9634954084936207,1.9999999999999991,3.9269908169872414,4,False,1.0,0.9882679575589614,0.700724137782488,0.0
16,85,7.88690091928051,"[0, 0]",0.0,32,4,28,0,2,2,10,2,2.3071822230491534e-16,3.2959746043559335e-17,True,0.0,12,7.88690091928051,"[0, 0]",0.0,0.5789473684210527,1.0,True,0.0,7,B_exact_finite_discrete_gaussian,1,0.3901806440322565,False,1.0,1.0,0.0,0.39269908169872414,0.7653668647301796,0.7853981633974483,4,False,1.0,0.3047512133937558,0.23664069031709312,0.0
16,85,7.88690091928051,"[0, 0]",0.0,36,0,28,0,0,3,12,2,0.0,0.0,True,0.0,12,7.88690091928051,"[0, 0]",0.0,0.0,1.0,True,0.0,7,B_exact_finite_discrete_gaussian,0,0.0,True,0.0,0.0,0.0,0.0,0.0,0.0,4,True,3.7608830523860343e-07,0.0,5.3726900748371916e-08,0.0
16,95,6.925068482947241,"[0, 0]",0.0,12,24,6,22,12,0,0,2,1.0,0.5629997531179902,False,0.7812808318331186,12,6.143787651114122,"[0, 0]",0.0,0.5292796613775574,0.7118156460004401,False,0.9957041485380816,7,A_uniform_hard_box,3,1.9957178464772065,False,1.0,1.0,0.0,6.675884388878311,1.999999999999999,13.351768777756622,4,False,1.0,1.397025881985331,0.9989801289603143,0.0
16,95,6.758794861741341,"[0, 0]",0.0,24,12,24,4,6,1,6,2,1.0,0.24626458582104765,False,0.6150072106272191,12,6.143787651114122,"[0, 0]",0.0,0.5270123968928202,0.928256010317132,False,0.8045781683241029,7,A_uniform_hard_box,2,1.66293922460509,False,1.0,1.0,0.0,1.9634954084936207,1.9999999999999991,3.9269908169872414,4,False,1.0,1.0706597069673889,0.7185204861194768,0.0
16,95,6.260716991322239,"[0, 0]",0.0,32,4,28,0,2,2,10,2,0.24426690677620239,0.03489527239660034,False,0.11692934020811663,12,6.143787651114122,"[0, 0]",0.0,0.578443915110416,0.9949496371705213,False,0.26159178644963604,7,A_uniform_hard_box,1,0.3901806440322565,False,1.0,1.0,0.0,0.39269908169872414,0.7653668647301796,0.7853981633974483,4,False,1.0,0.3061078289887673,0.237224626847969,0.0
16,95,6.143787651114122,"[0, 0]",0.0,36,0,28,0,0,3,12,2,0.0,0.0,True,0.0,12,6.143787651114122,"[0, 0]",0.0,0.0,1.0,True,0.0,7,A_uniform_hard_box,0,0.0,True,0.0,0.0,0.0,0.0,0.0,0.0,4,True,3.90285278967285e-07,0.0,5.5755039852469285e-08,0.0
16,95,7.96045802260705,"[0, 0]",0.0,12,24,6,22,12,0,0,2,1.0,0.14530273601875332,False,0.036755135624776614,12,7.923702886982273,"[0, 0]",0.0,0.5180053381645187,0.9826663143090357,False,0.4659811710345192,7,B_exact_finite_discrete_gaussian,3,1.9957178464772065,False,1.0,1.0,0.0,6.675884388878311,1.999999999999999,13.351768777756622,4,False,1.0,1.3455046507007833,0.9839414476315361,0.0
16,95,7.960973566371395,"[0, 0]",0.0,24,12,24,4,6,1,6,2,0.391927533450443,0.05598964763577757,False,0.03727067938912221,12,7.923702886982273,"[0, 0]",0.0,0.5215562748074006,0.9974637010586287,False,0.18689220663182624,7,B_exact_finite_discrete_gaussian,2,1.66293922460509,False,1.0,1.0,0.0,1.9634954084936207,1.9999999999999991,3.9269908169872414,4,False,1.0,1.0135834987931656,0.7014737770895983,0.0
16,95,7.930518704426095,"[0, 0]",0.0,32,4,28,0,2,2,10,2,0.059452346105767453,0.008493192300823921,False,0.006815817443822425,12,7.923702886982273,"[0, 0]",0.0,0.5318849729667028,0.9999262390955697,True,0.03212721131702043,7,B_exact_finite_discrete_gaussian,1,0.3901806440322565,False,1.0,1.0,0.0,0.39269908169872414,0.7653668647301796,0.7853981633974483,4,False,1.0,0.3054285791309794,0.23693283380020927,0.0
16,95,7.923702886982273,"[0, 0]",0.0,36,0,28,0,0,3,12,2,0.0,0.0,True,0.0,12,7.923702886982273,"[0, 0]",0.0,0.0,1.0,True,0.0,7,B_exact_finite_discrete_gaussian,0,0.0,True,0.0,0.0,0.0,0.0,0.0,0.0,4,True,3.90285278967285e-07,0.0,5.5755039852469285e-08,0.0
16,115,7.218813194546167,"[0, 0]",0.0,12,24,6,22,12,0,0,2,1.0,0.562385161923886,False,0.9127993010512458,12,6.306013893494921,"[0, 0]",0.0,0.5070202449816176,0.7373440090119439,False,0.9929549398845824,7,A_uniform_hard_box,3,1.9957178464772065,False,1.0,1.0,0.0,6.675884388878311,1.999999999999999,13.351768777756622,4,False,1.0,1.4251171135730953,0.9992757519349301,0.0
16,115,7.022983035689794,"[0, 0]",0.0,24,12,24,4,6,1,6,2,1.0,0.25716109109154606,False,0.7169691421948734,12,6.306013893494921,"[0, 0]",0.0,0.5262886605240361,0.9237956939585379,False,0.8187444150688334,7,A_uniform_hard_box,2,1.66293922460509,False,1.0,1.0,0.0,1.9634954084936207,1.9999999999999991,3.9269908169872414,4,False,1.0,1.06560967641874,0.7090364454491761,0.0
16,115,6.437230776575355,"[0, 0]",0.0,32,4,28,0,2,2,10,2,0.2534305655245088,0.03620436650350126,False,0.1312168830804339,12,6.306013893494921,"[0, 0]",0.0,0.5893947540883653,0.9936634929932091,False,0.29180188991734374,7,A_uniform_hard_box,1,0.3901806440322565,False,1.0,1.0,0.0,0.39269908169872414,0.7653668647301796,0.7853981633974483,4,False,1.0,0.3061078289887673,0.23722462684796805,0.0
16,115,6.306013893494921,"[0, 0]",0.0,36,0,28,0,0,3,12,2,0.0,0.0,True,0.0,12,6.306013893494921,"[0, 0]",0.0,0.0,1.0,True,0.0,7,A_uniform_hard_box,0,0.0,True,0.0,0.0,0.0,0.0,0.0,0.0,4,True,3.7608830523860343e-07,0.0,5.3726900748371916e-08,0.0
16,115,7.9417244669959075,"[0, 0]",0.0,12,24,6,22,12,0,0,2,1.0,0.2303007120394827,False,0.15734551193338042,12,7.784378955062527,"[0, 0]",0.0,0.5157175919887037,0.9582812216423973,False,0.6703111026528626,7,B_exact_finite_discrete_gaussian,3,1.9957178464772065,False,1.0,1.0,0.0,6.675884388878311,1.999999999999999,13.351768777756622,4,False,1.0,1.344384583642696,0.9819437245735009,0.0
16,115,7.9325562355470876,"[0, 0]",0.0,24,12,24,4,6,1,6,2,0.8467847658348714,0.12096925226212449,False,0.14817728048456047,12,7.784378955062527,"[0, 0]",0.0,0.5063227170921646,0.9861191264475511,False,0.4215873057309707,7,B_exact_finite_discrete_gaussian,2,1.66293922460509,False,1.0,1.0,0.0,1.9634954084936207,1.9999999999999991,3.9269908169872414,4,False,1.0,1.0135769534577472,0.7014580516841165,0.0
16,115,7.816894879301978,"[0, 0]",0.0,32,4,28,0,2,2,10,2,0.12344683073769909,0.017635261533957013,False,0.032515924239451266,12,7.784378955062527,"[0, 0]",0.0,0.5012204784317938,0.999548879302539,False,0.07935492260443976,7,B_exact_finite_discrete_gaussian,1,0.3901806440322565,False,1.0,1.0,0.0,0.39269908169872414,0.7653668647301796,0.7853981633974483,4,False,1.0,0.3054285791309794,0.2369328338002088,0.0
16,115,7.784378955062527,"[0, 0]",0.0,36,0,28,0,0,3,12,2,0.0,0.0,True,0.0,12,7.784378955062527,"[0, 0]",0.0,0.0,1.0,True,0.0,7,B_exact_finite_discrete_gaussian,0,0.0,True,0.0,0.0,0.0,0.0,0.0,0.0,4,True,3.90285278967285e-07,0.0,5.5755039852469285e-08,0.0
16,119,6.898070695799195,"[0, 0]",0.0,12,24,6,22,12,0,0,2,1.0,0.4102233085424146,False,0.4950452697235459,12,6.403025426075649,"[12, 2]",0.0,0.5229877594825029,0.8450400554524116,False,0.9514803165537156,7,A_uniform_hard_box,3,1.9957178464772065,False,1.0,1.0,0.2795084971874737,6.675884388878311,1.999999999999999,13.351768777756622,4,False,1.0,1.381633328682413,0.9945726230353011,0.0
16,119,6.705424506503375,"[0, 0]",0.0,24,12,24,4,6,1,6,2,1.0,0.14854418341487696,False,0.3023990804277261,12,6.403025426075649,"[12, 2]",0.0,0.4945876099326371,0.96990801604143,False,0.5899405870577021,7,A_uniform_hard_box,2,1.66293922460509,False,1.0,1.0,0.2795084971874737,1.9634954084936207,1.9999999999999991,3.9269908169872414,4,False,1.0,1.0467975939740275,0.7448187874755877,0.0
16,119,6.452054384936186,"[12, 2]",0.0,32,4,28,0,2,2,10,2,0.10458571738162979,0.014940816768804255,False,0.049028958860537486,12,6.403025426075649,"[12, 2]",0.0,0.5279694902807548,0.9990411399359564,False,0.11550192379988312,7,A_uniform_hard_box,1,0.3901806440322565,False,1.0,1.0,0.0,0.39269908169872414,0.7653668647301796,0.7853981633974483,4,False,1.0,0.3201449214152366,0.25556851576392475,0.0
16,119,6.403025426075649,"[12, 2]",0.0,36,0,28,0,0,3,12,2,0.0,0.0,True,0.0,12,6.403025426075649,"[12, 2]",0.0,0.0,1.0,True,0.0,7,A_uniform_hard_box,0,0.0,True,0.0,0.0,0.0,0.0,0.0,0.0,4,True,3.29851264077107e-07,0.0,4.712160915387242e-08,0.0
16,119,7.97357079302853,"[0, 0]",0.0,12,24,6,22,12,0,0,2,0.8296910935527035,0.11852729907895765,False,0.007169249178560655,12,7.966401543849969,"[12, 2]",0.0,0.5001540372003258,0.989350124098032,False,0.37310069281272,7,B_exact_finite_discrete_gaussian,3,1.9957178464772065,False,1.0,1.0,0.2795084971874737,6.675884388878311,1.999999999999999,13.351768777756622,4,False,1.0,1.3466729690695318,0.982591049881331,0.0
16,119,7.97588830284652,"[0, 0]",0.0,24,12,24,4,6,1,6,2,0.14419041201585733,0.02059863028797962,False,0.009486758996550826,12,7.966401543849969,"[12, 2]",0.0,0.5234908817438325,0.9995753613203511,False,0.07699714550095126,7,B_exact_finite_discrete_gaussian,2,1.66293922460509,False,1.0,1.0,0.2795084971874737,1.9634954084936207,1.9999999999999991,3.9269908169872414,4,False,1.0,1.0135834357350912,0.7014740441870475,0.0
16,119,7.9667606687600685,"[12, 2]",0.0,32,4,28,0,2,2,10,2,0.010094458560055874,0.0014420655085794105,True,0.00035912491009959524,12,7.966401543849969,"[12, 2]",0.0,0.40953847659267756,0.999997522039431,True,0.005889897215123007,7,B_exact_finite_discrete_gaussian,1,0.3901806440322565,False,1.0,1.0,0.0,0.39269908169872414,0.7653668647301796,0.7853981633974483,4,False,1.0,0.3054287783469838,0.23693309852302194,0.0
16,119,7.966401543849969,"[12, 2]",0.0,36,0,28,0,0,3,12,2,0.0,0.0,True,0.0,12,7.966401543849969,"[12, 2]",0.0,0.0,1.0,True,0.0,7,B_exact_finite_discrete_gaussian,0,0.0,True,0.0,0.0,0.0,0.0,0.0,0.0,4,True,3.7608830523860343e-07,0.0,5.3726900748371916e-08,0.0
16,133,7.292133084784678,"[0, 0]",0.013916015624999993,12,24,6,22,12,0,0,2,1.0,0.5461561766814909,False,0.7382057591616,12,6.553927325623078,"[0, 0]",0.0029485542508026694,0.5065009560357451,0.7621355035548376,False,0.9887833483446585,7,A_uniform_hard_box,3,1.9957178464772065,False,1.0,1.0,0.0,6.675884388878311,1.999999999999999,13.351768777756622,4,False,1.0,1.464089334753191,0.9939657893767704,0.010967461374197324
16,133,7.230491155138859,"[0, 0]",0.01153564453125,24,12,24,4,6,1,6,2,1.0,0.2534399017719188,False,0.6765638295157812,12,6.553927325623078,"[0, 0]",0.0029485542508026694,0.5191827883193113,0.9383684017080676,False,0.7678419078717358,7,A_uniform_hard_box,2,1.66293922460509,False,1.0,1.0,0.0,1.9634954084936207,1.9999999999999991,3.9269908169872414,4,False,1.0,1.0627412706139183,0.7003670489164501,0.00858709028044733
16,133,6.669248721492333,"[0, 0]",0.004779607613585826,32,4,28,0,2,2,10,2,0.23042484869113683,0.03291783552730526,False,0.11532139586925538,12,6.553927325623078,"[0, 0]",0.0029485542508026694,0.5627380423273685,0.9968430721210347,False,0.20808993309434293,7,A_uniform_hard_box,1,0.3901806440322565,False,1.0,1.0,0.0,0.39269908169872414,0.7653668647301796,0.7853981633974483,4,False,1.0,0.30610782898876726,0.23722462684796852,0.0018310533627831568
16,133,6.553927325623078,"[0, 0]",0.0029485542508026694,36,0,28,0,0,3,12,2,0.0,0.0,True,0.0,12,6.553927325623078,"[0, 0]",0.0029485542508026694,0.0,1.0,True,0.0,7,A_uniform_hard_box,0,0.0,True,0.0,0.0,0.0,0.0,0.0,0.0,4,True,2.5550169049921996e-07,0.0,3.650024149988857e-08,0.0
16,133,7.989263884263994,"[0, 0]",0.00018994290851679762,12,24,6,22,12,0,0,2,0.7308311262094912,0.10440444660135588,False,0.03232796686121997,12,7.956935917402774,"[0, 0]",1.4761542171581356e-05,0.5020045739287361,0.9916778267068425,False,0.33228448165580715,7,B_exact_finite_discrete_gaussian,3,1.9957178464772065,False,1.0,1.0,0.0,6.675884388878311,1.999999999999999,13.351768777756622,4,False,1.0,1.3440055073182988,0.9818599252531252,0.00017518136634521626
16,133,7.984297281213443,"[0, 0]",0.0001939211004693825,24,12,24,4,6,1,6,2,0.3407685911936317,0.04868122731337596,False,0.02736136381066956,12,7.956935917402774,"[0, 0]",1.4761542171581356e-05,0.49985604990887705,0.9980204497939726,False,0.16540833361410606,7,B_exact_finite_discrete_gaussian,2,1.66293922460509,False,1.0,1.0,0.0,1.9634954084936207,1.9999999999999991,3.9269908169872414,4,False,1.0,1.0135769531677308,0.7014580488882173,0.00017915955829780113
16,133,7.963057619562379,"[0, 0]",5.6798697592621954e-05,32,4,28,0,2,2,10,2,0.056513484463307354,0.008073354923329622,False,0.006121702159605391,12,7.956935917402774,"[0, 0]",1.4761542171581356e-05,0.5000000000000054,0.9999345569191818,True,0.030262410659883433,7,B_exact_finite_discrete_gaussian,1,0.3901806440322565,False,1.0,1.0,0.0,0.39269908169872414,0.7653668647301796,0.7853981633974483,4,False,1.0,0.3054285791309795,0.2369328338002088,4.20371554210406e-05
16,133,7.956935917402774,"[0, 0]",1.4761542171581356e-05,36,0,28,0,0,3,12,2,0.0,0.0,True,0.0,12,7.956935917402774,"[0, 0]",1.4761542171581356e-05,0.0,1.0,True,0.0,7,B_exact_finite_discrete_gaussian,0,0.0,True,0.0,0.0,0.0,0.0,0.0,0.0,4,True,3.7608830523860343e-07,0.0,5.3726900748371916e-08,0.0
16,161,7.135502290896039,"[0, 0]",0.007324218750000007,12,24,6,22,12,0,0,2,1.0,0.5009481765150883,False,0.46096484277894056,12,6.674537448117098,"[0, 0]",0.0014024890747429963,0.5330549626686338,0.784747651315038,False,0.9830611375943799,7,A_uniform_hard_box,3,1.9957178464772065,False,1.0,1.0,0.0,6.675884388878311,1.999999999999999,13.351768777756622,4,False,1.0,1.4412251273737622,0.9945721399361918,0.005921729675257011
16,161,7.122516128543072,"[0, 0]",0.0036621093749999965,24,12,24,4,6,1,6,2,1.0,0.1884359334553114,False,0.4479786804259742,12,6.674537448117098,"[0, 0]",0.0014024890747429963,0.5007983943424533,0.9621249818947738,False,0.6461995293085733,7,A_uniform_hard_box,2,1.66293922460509,False,1.0,1.0,0.0,1.9634954084936207,1.9999999999999991,3.9269908169872414,4,False,1.0,1.0626297824125157,0.6990794188115373,0.002259620300257
16,161,6.7630513160632795,"[0, 0]",0.0023954889722291664,32,4,28,0,2,2,10,2,0.2036547164114658,0.029093530915923684,False,0.08851386794618143,12,6.674537448117098,"[0, 0]",0.0014024890747429963,0.5582128401663612,0.9977844858452773,False,0.17485553703879617,7,A_uniform_hard_box,1,0.3901806440322565,False,1.0,1.0,0.0,0.39269908169872414,0.7653668647301796,0.7853981633974483,4,False,1.0,0.3061078289887672,0.2372246268479697,0.00099299989748617
16,161,6.674537448117098,"[0, 0]",0.0014024890747429963,36,0,28,0,0,3,12,2,0.0,0.0,True,0.0,12,6.674537448117098,"[0, 0]",0.0014024890747429963,0.0,1.0,True,0.0,7,A_uniform_hard_box,0,0.0,True,0.0,0.0,0.0,0.0,0.0,0.0,4,True,2.759733673550507e-07,0.0,3.942476676500724e-08,0.0
16,161,7.966934970443614,"[0, 0]",8.963725117508425e-06,12,24,6,22,12,0,0,2,0.6806175817137617,0.09723108310196596,False,0.019058030201672516,12,7.947876940241941,"[0, 0]",1.5145931718625258e-06,0.5231446209694172,0.9922595901226756,False,0.32105893398022356,7,B_exact_finite_discrete_gaussian,3,1.9957178464772065,False,1.0,1.0,0.0,6.675884388878311,1.999999999999999,13.351768777756622,4,False,1.0,1.3439747332002263,0.9818745393110535,7.4491319456459e-06
16,161,7.972394910350202,"[0, 0]",5.466671578130758e-06,24,12,24,4,6,1,6,2,0.27670081670607416,0.03952868810086774,False,0.024517970108260734,12,7.947876940241941,"[0, 0]",1.5145931718625258e-06,0.49991836665467415,0.998246242681265,False,0.1558033085028959,7,B_exact_finite_discrete_gaussian,2,1.66293922460509,False,1.0,1.0,0.0,1.9634954084936207,1.9999999999999991,3.9269908169872414,4,False,1.0,1.0135769531677299,0.7014580488882082,3.952078406268232e-06
16,161,7.951755407376195,"[0, 0]",2.91385818582731e-06,32,4,28,0,2,2,10,2,0.03294499928883532,0.004706428469833617,True,0.0038784671342542154,12,7.947876940241941,"[0, 0]",1.5145931718625258e-06,0.4994893445984968,0.9999714761896957,True,0.019981474279964412,7,B_exact_finite_discrete_gaussian,1,0.3901806440322565,False,1.0,1.0,0.0,0.39269908169872414,0.7653668647301796,0.7853981633974483,4,False,1.0,0.30542857913097937,0.2369328338002088,1.3992650139647844e-06
16,161,7.947876940241941,"[0, 0]",1.5145931718625258e-06,36,0,28,0,0,3,12,2,0.0,0.0,True,0.0,12,7.947876940241941,"[0, 0]",1.5145931718625258e-06,0.0,1.0,True,0.0,7,B_exact_finite_discrete_gaussian,0,0.0,True,0.0,0.0,0.0,0.0,0.0,0.0,4,True,3.4595092434417904e-07,0.0,4.9421560620597e-08,0.0
32,55,7.6188222565563715,"[0, 0]",0.0,12,40,6,30,20,0,0,2,1.0,0.6846711717648164,False,2.003034409151863,20,5.615787847404508,"[0, 0]",0.0,0.5166580312709846,0.5001601657431263,False,0.9999693448062984,7,A_uniform_hard_box,4,1.9983478729659827,False,1.0,1.0,0.0,9.62112750161874,,19.24225500323748,5,,,,,0.0
32,55,7.164392907442007,"[0, 0]",0.0,28,24,30,6,12,1,8,2,1.0,0.4172504874939392,False,1.5486050600374988,20,5.615787847404508,"[0, 0]",0.0,0.5198343965219706,0.8093331023704647,False,0.9737891261394712,7,A_uniform_hard_box,3,1.9995793502381647,False,1.0,1.0,0.0,3.3379421944391554,,6.675884388878311,5,,,,,0.0
32,55,6.0522725388084275,"[0, 0]",0.0,40,12,36,0,6,2,14,2,0.691387667924407,0.09876966684634385,False,0.4364846914039191,20,5.615787847404508,"[0, 0]",0.0,0.554724667076316,0.9694604955148811,False,0.5934886700571841,7,A_uniform_hard_box,2,0.942793473651995,False,1.0,1.0,0.0,0.9817477042468103,,1.9634954084936207,5,,,,,0.0
32,55,5.67012023042256,"[0, 0]",0.0,48,4,36,0,2,3,18,2,0.08093046318254907,0.011561494740364152,False,0.054332383018051544,20,5.615787847404508,"[0, 0]",0.0,0.6083602219184288,0.9980869441856912,False,0.16264155782025452,7,A_uniform_hard_box,1,0.19603428065912118,False,1.0,0.7853981633974483,0.0,0.19634954084936207,,0.39269908169872414,5,,,,,0.0
32,55,5.615787847404508,"[0, 0]",0.0,52,0,36,0,0,4,20,2,0.0,0.0,True,0.0,20,5.615787847404508,"[0, 0]",0.0,0.0,1.0,True,0.0,7,A_uniform_hard_box,0,0.0,True,0.0,0.0,0.0,0.0,,0.0,5,,,,,0.0
32,55,9.836164330112993,"[0, 0]",0.0,12,40,6,30,20,0,0,2,1.0,0.3648607277746113,False,0.26720583803785125,20,9.568958492075142,"[0, 0]",0.0,0.5101297833275328,0.8911662034784229,False,0.8948403101192991,7,B_exact_finite_discrete_gaussian,4,1.9983478729659827,False,1.0,1.0,0.0,9.62112750161874,,19.24225500323748,5,,,,,0.0
32,55,9.90197253667247,"[0, 0]",0.0,28,24,30,6,12,1,8,2,1.0,0.2567607569203075,False,0.33301404459732886,20,9.568958492075142,"[0, 0]",0.0,0.49612355066575275,0.9427789184647208,False,0.7494889591437093,7,B_exact_finite_discrete_gaussian,3,1.9995793502381647,False,1.0,1.0,0.0,3.3379421944391554,,6.675884388878311,5,,,,,0.0
32,55,9.688755866906064,"[0, 0]",0.0,40,12,36,0,6,2,14,2,0.3659739223280156,0.05228198890400223,False,0.11979737483092201,20,9.568958492075142,"[0, 0]",0.0,0.5301843290975676,0.9954658043572819,False,0.24827683843650017,7,B_exact_finite_discrete_gaussian,2,0.942793473651995,False,1.0,1.0,0.0,0.9817477042468103,,1.9634954084936207,5,,,,,0.0
32,55,9.58630656508101,"[0, 0]",0.0,48,4,36,0,2,3,18,2,0.0402382420613126,0.005748320294473228,True,0.01734807300586816,20,9.568958492075142,"[0, 0]",0.0,0.5165919169486444,0.9998882023712389,True,0.03954781825252247,7,B_exact_finite_discrete_gaussian,1,0.19603428065912118,False,1.0,0.7853981633974483,0.0,0.19634954084936207,,0.39269908169872414,5,,,,,0.0
32,55,9.568958492075142,"[0, 0]",0.0,52,0,36,0,0,4,20,2,0.0,0.0,True,0.0,20,9.568958492075142,"[0, 0]",0.0,0.0,1.0,True,0.0,7,B_exact_finite_discrete_gaussian,0,0.0,True,0.0,0.0,0.0,0.0,,0.0,5,,,,,0.0
32,65,7.244945233869098,"[0, 0]",0.0,12,40,6,30,20,0,0,2,1.0,0.5604639132149054,False,1.4655983533765902,20,5.779346880492508,"[0, 0]",0.0,0.5329476269467586,0.6012898004386573,False,0.999596139452989,7,A_uniform_hard_box,4,1.9983478729659827,False,1.0,1.0,0.0,9.62112750161874,,19.24225500323748,5,,,,,0.0
32,65,6.7943931581771775,"[0, 0]",0.0,28,24,30,6,12,1,8,2,1.0,0.26687902307545947,False,1.0150462776846698,20,5.779346880492508,"[0, 0]",0.0,0.5480004255873918,0.8992340993734973,False,0.8797400715995669,7,A_uniform_hard_box,3,1.9995793502381647,False,1.0,1.0,0.0,3.3379421944391554,,6.675884388878311,5,,,,,0.0
32,65,5.954328367247918,"[0, 0]",0.0,40,12,36,0,6,2,14,2,0.2919827449539692,0.04171182070770989,False,0.17498148675541003,20,5.779346880492508,"[0, 0]",0.0,0.6034700002090817,0.9898513343199347,False,0.3647996809322066,7,A_uniform_hard_box,2,0.942793473651995,False,1.0,1.0,0.0,0.9817477042468103,,1.9634954084936207,5,,,,,0.0
32,65,5.779346880492508,"[0, 0]",0.0,48,4,36,0,2,3,18,2,9.263237014467754e-17,1.3233195734953934e-17,True,0.0,20,5.779346880492508,"[0, 0]",0.0,0.639505856749664,1.0,True,0.0,7,A_uniform_hard_box,1,0.19603428065912118,False,1.0,0.7853981633974483,0.0,0.19634954084936207,,0.39269908169872414,5,,,,,0.0
32,65,5.779346880492508,"[0, 0]",0.0,52,0,36,0,0,4,20,2,0.0,0.0,True,0.0,20,5.779346880492508,"[0, 0]",0.0,0.0,1.0,True,0.0,7,A_uniform_hard_box,0,0.0,True,0.0,0.0,0.0,0.0,,0.0,5,,,,,0.0
32,65,9.78538294420741,"[0, 0]",0.0,12,40,6,30,20,0,0,2,1.0,0.32469378321105796,False,0.1538786368835794,20,9.63150430732383,"[0, 0]",0.0,0.47617984021986987,0.9092458217291809,False,0.8579276379532003,7,B_exact_finite_discrete_gaussian,4,1.9983478729659827,False,1.0,1.0,0.0,9.62112750161874,,19.24225500323748,5,,,,,0.0
32,65,9.889676421295004,"[0, 0]",0.0,28,24,30,6,12,1,8,2,1.0,0.21076057431263312,False,0.2581721139711739,20,9.63150430732383,"[0, 0]",0.0,0.5067173665164074,0.9578284336794711,False,0.6730145440519111,7,B_exact_finite_discrete_gaussian,3,1.9995793502381647,False,1.0,1.0,0.0,3.3379421944391554,,6.675884388878311,5,,,,,0.0
32,65,9.682589643490301,"[0, 0]",0.0,40,12,36,0,6,2,14,2,0.18857464644857236,0.02693923520693891,False,0.05108533616647115,20,9.63150430732383,"[0, 0]",0.0,0.54988248839391,0.9988440096592869,False,0.12673918390746172,7,B_exact_finite_discrete_gaussian,2,0.942793473651995,False,1.0,1.0,0.0,0.9817477042468103,,1.9634954084936207,5,,,,,0.0
32,65,9.63150430732383,"[0, 0]",0.0,48,4,36,0,2,3,18,2,5.99184330624114e-16,8.559776151773058e-17,True,0.0,20,9.63150430732383,"[0, 0]",0.0,0.2967032967032967,1.0,True,0.0,7,B_exact_finite_discrete_gaussian,1,0.19603428065912118,False,1.0,0.7853981633974483,0.0,0.19634954084936207,,0.39269908169872414,5,,,,,0.0
32,65,9.63150430732383,"[0, 0]",0.0,52,0,36,0,0,4,20,2,0.0,0.0,True,0.0,20,9.63150430732383,"[0, 0]",0.0,0.0,1.0,True,0.0,7,B_exact_finite_discrete_gaussian,0,0.0,True,0.0,0.0,0.0,0.0,,0.0,5,,,,,0.0
32,85,4.0,"[0, 0]",0.0,12,40,6,30,20,0,0,2,2.1371793224034263e-15,3.0531133177191805e-16,True,0.0,20,4.0,"[0, 0]",0.0,1.0799701934502799e-17,1.0,True,0.0,7,A_uniform_hard_box,4,1.9983478729659827,False,1.0,1.0,0.0,9.62112750161874,,19.24225500323748,5,,,,,0.0
32,85,4.0,"[0, 0]",0.0,28,24,30,6,12,1,8,2,2.1371793224034263e-15,3.0531133177191805e-16,True,0.0,20,4.0,"[0, 0]",0.0,1.0138599315952638e-17,1.0,True,0.0,7,A_uniform_hard_box,3,1.9995793502381647,False,1.0,1.0,0.0,3.3379421944391554,,6.675884388878311,5,,,,,0.0
32,85,4.0,"[0, 0]",0.0,40,12,36,0,6,2,14,2,2.7110962741447165e-32,3.872994677349595e-33,True,0.0,20,4.0,"[0, 0]",0.0,0.9999999999999998,1.0,True,0.0,7,A_uniform_hard_box,2,0.942793473651995,False,1.0,1.0,0.0,0.9817477042468103,,1.9634954084936207,5,,,,,0.0
32,85,4.0,"[0, 0]",0.0,48,4,36,0,2,3,18,2,1.3237053902488948e-32,1.891007700355564e-33,True,0.0,20,4.0,"[0, 0]",0.0,0.9999999999999998,1.0,True,0.0,7,A_uniform_hard_box,1,0.19603428065912118,False,1.0,0.7853981633974483,0.0,0.19634954084936207,,0.39269908169872414,5,,,,,0.0
32,85,4.0,"[0, 0]",0.0,52,0,36,0,0,4,20,2,0.0,0.0,True,0.0,20,4.0,"[0, 0]",0.0,0.0,1.0,True,0.0,7,A_uniform_hard_box,0,0.0,True,0.0,0.0,0.0,0.0,,0.0,5,,,,,0.0
32,85,9.814648216935485,"[0, 0]",0.0,12,40,6,30,20,0,0,2,1.0,0.2692104553298701,False,-0.07270607447014044,20,9.887354291405625,"[8, 4]",0.0,0.4915867908627714,0.9472725226878345,False,0.7290851736859545,7,B_exact_finite_discrete_gaussian,4,1.9983478729659827,False,1.0,1.0,0.2795084971874737,9.62112750161874,,19.24225500323748,5,,,,,0.0
32,85,9.91777528690427,"[0, 0]",0.0,28,24,30,6,12,1,8,2,0.6101542473010337,0.08716489247157624,False,0.030420995498644743,20,9.887354291405625,"[8, 4]",0.0,0.5515023179648033,0.9931686044386241,False,0.3025006583302486,7,B_exact_finite_discrete_gaussian,3,1.9995793502381647,False,1.0,1.0,0.2795084971874737,3.3379421944391554,,6.675884388878311,5,,,,,0.0
32,85,9.890761557590054,"[8, 4]",0.0,40,12,36,0,6,2,14,2,0.04340773664866282,0.00620110523552326,True,0.003407266184428437,20,9.887354291405625,"[8, 4]",0.0,0.7555113664797335,0.999929034129776,True,0.0315129183529856,7,B_exact_finite_discrete_gaussian,2,0.942793473651995,False,1.0,1.0,0.0,0.9817477042468103,,1.9634954084936207,5,,,,,0.0
32,85,9.887354291405622,"[8, 4]",0.0,48,4,36,0,2,3,18,2,5.130444680201407e-16,7.32920668600201e-17,True,-3.552713678800501e-15,20,9.887354291405625,"[8, 4]",0.0,0.5088757396449705,1.0,True,0.0,7,B_exact_finite_discrete_gaussian,1,0.19603428065912118,False,1.0,0.7853981633974483,0.0,0.19634954084936207,,0.39269908169872414,5,,,,,0.0
32,85,9.887354291405625,"[8, 4]",0.0,52,0,36,0,0,4,20,2,0.0,0.0,True,0.0,20,9.887354291405625,"[8, 4]",0.0,0.0,1.0,True,0.0,7,B_exact_finite_discrete_gaussian,0,0.0,True,0.0,0.0,0.0,0.0,,0.0,5,,,,,0.0
32,95,8.17116708029921,"[0, 0]",0.0,12,40,6,30,20,0,0,2,1.0,0.7413858489016623,False,1.7495289126309768,20,6.421638167668233,"[0, 0]",0.0,0.5160974702397843,0.4924060455329722,False,0.9999753678328935,7,A_uniform_hard_box,4,1.9983478729659827,False,1.0,1.0,0.0,9.62112750161874,,19.24225500323748,5,,,,,0.0
32,95,7.8549868783299015,"[0, 0]",0.0,28,24,30,6,12,1,8,2,1.0,0.4366893892552065,False,1.4333487106616687,20,6.421638167668233,"[0, 0]",0.0,0.5279426590586712,0.8032333695761852,False,0.9764550674922788,7,A_uniform_hard_box,3,1.9995793502381647,False,1.0,1.0,0.0,3.3379421944391554,,6.675884388878311,5,,,,,0.0
32,95,6.845620504821765,"[0, 0]",0.0,40,12,36,0,6,2,14,2,0.6695460028348695,0.09564942897640993,False,0.4239823371535323,20,6.421638167668233,"[0, 0]",0.0,0.5542099177482233,0.9717369007063452,False,0.5749835937253652,7,A_uniform_hard_box,2,0.942793473651995,False,1.0,1.0,0.0,0.9817477042468103,,1.9634954084936207,5,,,,,0.0
32,95,6.474846893459034,"[0, 0]",0.0,48,4,36,0,2,3,18,2,0.07954184717529383,0.011363121025041976,False,0.05320872579080138,20,6.421638167668233,"[0, 0]",0.0,0.6143254264096404,0.9980900123497827,False,0.1625126988301263,7,A_uniform_hard_box,1,0.19603428065912118,False,1.0,0.7853981633974483,0.0,0.19634954084936207,,0.39269908169872414,5,,,,,0.0
32,95,6.421638167668233,"[0, 0]",0.0,52,0,36,0,0,4,20,2,0.0,0.0,True,0.0,20,6.421638167668233,"[0, 0]",0.0,0.0,1.0,True,0.0,7,A_uniform_hard_box,0,0.0,True,0.0,0.0,0.0,0.0,,0.0,5,,,,,0.0
32,95,9.96045802260518,"[0, 0]",0.0,12,40,6,30,20,0,0,2,1.0,0.15505622952786519,False,0.03675511474630255,20,9.923702907858878,"[0, 0]",0.0,0.5034144224374889,0.981245753897356,False,0.4825292695292373,7,B_exact_finite_discrete_gaussian,4,1.9983478729659827,False,1.0,1.0,0.0,9.62112750161874,,19.24225500323748,5,,,,,0.0
32,95,9.974785702071916,"[0, 0]",0.0,28,24,30,6,12,1,8,2,0.7067527639834735,0.10096468056906764,False,0.05108279421303763,20,9.923702907858878,"[0, 0]",0.0,0.5037970662578151,0.9920646637114627,False,0.3248729847617677,7,B_exact_finite_discrete_gaussian,3,1.9995793502381647,False,1.0,1.0,0.0,3.3379421944391554,,6.675884388878311,5,,,,,0.0
32,95,9.937865894270494,"[0, 0]",0.0,40,12,36,0,6,2,14,2,0.12471198487172294,0.017815997838817564,False,0.014162986411616174,20,9.923702907858878,"[0, 0]",0.0,0.5272218852229617,0.9997138540547463,False,0.06323448995996622,7,B_exact_finite_discrete_gaussian,2,0.942793473651995,False,1.0,1.0,0.0,0.9817477042468103,,1.9634954084936207,5,,,,,0.0
32,95,9.925528688237932,"[0, 0]",0.0,48,4,36,0,2,3,18,2,0.015209697991347904,0.0021728139987639864,True,0.0018257803790540095,20,9.923702907858878,"[0, 0]",0.0,0.5414474464331895,0.999995068699409,True,0.00830879024915304,7,B_exact_finite_discrete_gaussian,1,0.19603428065912118,False,1.0,0.7853981633974483,0.0,0.19634954084936207,,0.39269908169872414,5,,,,,0.0
32,95,9.923702907858878,"[0, 0]",0.0,52,0,36,0,0,4,20,2,0.0,0.0,True,0.0,20,9.923702907858878,"[0, 0]",0.0,0.0,1.0,True,0.0,7,B_exact_finite_discrete_gaussian,0,0.0,True,0.0,0.0,0.0,0.0,,0.0,5,,,,,0.0
32,115,8.511825884373078,"[0, 0]",0.0,12,40,6,30,20,0,0,2,1.0,0.7299673710608141,False,1.832906377902006,20,6.678919506471072,"[0, 0]",0.0,0.5137352179085248,0.5290688101497807,False,0.9999326783335478,7,A_uniform_hard_box,4,1.9983478729659827,False,1.0,1.0,0.0,9.62112750161874,,19.24225500323748,5,,,,,0.0
32,115,8.166913750118592,"[0, 0]",0.0,28,24,30,6,12,1,8,2,1.0,0.4320339383956716,False,1.4879942436475204,20,6.678919506471072,"[0, 0]",0.0,0.527685485017916,0.8117593208530898,False,0.972651621461928,7,A_uniform_hard_box,3,1.9995793502381647,False,1.0,1.0,0.0,3.3379421944391554,,6.675884388878311,5,,,,,0.0
32,115,7.102570749011178,"[0, 0]",0.0,40,12,36,0,6,2,14,2,0.6785532297005935,0.09693617567151336,False,0.4236512425401058,20,6.678919506471072,"[0, 0]",0.0,0.5661230836207022,0.9714800166729995,False,0.5771302212414514,7,A_uniform_hard_box,2,0.942793473651995,False,1.0,1.0,0.0,0.9817477042468103,,1.9634954084936207,5,,,,,0.0
32,115,6.73398018012608,"[0, 0]",0.0,48,4,36,0,2,3,18,2,0.08124439043364613,0.011606341490520877,False,0.05506067365500833,20,6.678919506471072,"[0, 0]",0.0,0.6294319038766546,0.9978726859618572,False,0.1713886316624529,7,A_uniform_hard_box,1,0.19603428065912118,False,1.0,0.7853981633974483,0.0,0.19634954084936207,,0.39269908169872414,5,,,,,0.0
32,115,6.678919506471072,"[0, 0]",0.0,52,0,36,0,0,4,20,2,0.0,0.0,True,0.0,20,6.678919506471072,"[0, 0]",0.0,0.0,1.0,True,0.0,7,A_uniform_hard_box,0,0.0,True,0.0,0.0,0.0,0.0,,0.0,5,,,,,0.0
32,115,9.941724466994671,"[0, 0]",0.0,12,40,6,30,20,0,0,2,1.0,0.25920763171489625,False,0.15734547921719866,20,9.784378987777473,"[0, 0]",0.0,0.5075438180097811,0.9487022289577653,False,0.7221976608531295,7,B_exact_finite_discrete_gaussian,4,1.9983478729659827,False,1.0,1.0,0.0,9.62112750161874,,19.24225500323748,5,,,,,0.0
32,115,9.959780820794922,"[0, 0]",0.0,28,24,30,6,12,1,8,2,1.0,0.18590624800841304,False,0.1754018330174496,20,9.784378987777473,"[0, 0]",0.0,0.5017796543225335,0.9728783729720969,False,0.5652550102639153,7,B_exact_finite_discrete_gaussian,3,1.9995793502381647,False,1.0,1.0,0.0,3.3379421944391554,,6.675884388878311,5,,,,,0.0
32,115,9.848172229718092,"[0, 0]",0.0,40,12,36,0,6,2,14,2,0.2851653483540293,0.040737906907718474,False,0.06379324194061908,20,9.784378987777473,"[0, 0]",0.0,0.5100972030291313,0.9981097134849406,False,0.1616827059254973,7,B_exact_finite_discrete_gaussian,2,0.942793473651995,False,1.0,1.0,0.0,0.9817477042468103,,1.9634954084936207,5,,,,,0.0
32,115,9.793206514156353,"[0, 0]",0.0,48,4,36,0,2,3,18,2,0.03185766940134237,0.004551095628763196,True,0.00882752637888018,20,9.784378987777473,"[0, 0]",0.0,0.5005678374447491,0.9999682972658818,True,0.021065299154950992,7,B_exact_finite_discrete_gaussian,1,0.19603428065912118,False,1.0,0.7853981633974483,0.0,0.19634954084936207,,0.39269908169872414,5,,,,,0.0
32,115,9.784378987777473,"[0, 0]",0.0,52,0,36,0,0,4,20,2,0.0,0.0,True,0.0,20,9.784378987777473,"[0, 0]",0.0,0.0,1.0,True,0.0,7,B_exact_finite_discrete_gaussian,0,0.0,True,0.0,0.0,0.0,0.0,,0.0,5,,,,,0.0
32,119,8.005693401613387,"[0, 0]",0.0,12,40,6,30,20,0,0,2,1.0,0.5786949187470891,False,1.2669164621882443,20,6.738776939425143,"[0, 0]",0.0,0.5195119223005653,0.6701574180722014,False,0.9981556374447123,7,A_uniform_hard_box,4,1.9983478729659827,False,1.0,1.0,0.0,9.62112750161874,,19.24225500323748,5,,,,,0.0
32,119,7.619170017301972,"[0, 0]",0.0,28,24,30,6,12,1,8,2,1.0,0.27950155563677737,False,0.8803930778768292,20,6.738776939425143,"[0, 0]",0.0,0.5378889927210513,0.9005320849868306,False,0.8771153275151967,7,A_uniform_hard_box,3,1.9995793502381647,False,1.0,1.0,0.0,3.3379421944391554,,6.675884388878311,5,,,,,0.0
32,119,6.959931904237745,"[0, 0]",0.0,40,12,36,0,6,2,14,2,0.40287612722287736,0.05755373246041105,False,0.22115496481260255,20,6.738776939425143,"[0, 0]",0.0,0.5779179665856159,0.9879517173443461,False,0.39507254655567436,7,A_uniform_hard_box,2,0.942793473651995,False,1.0,1.0,0.0,0.9817477042468103,,1.9634954084936207,5,,,,,0.0
32,119,6.76200148828623,"[0, 0]",0.0,48,4,36,0,2,3,18,2,0.039121197446281265,0.005588742492325895,True,0.023224548861087158,20,6.738776939425143,"[0, 0]",0.0,0.6523646306466601,0.9994926082138293,False,0.08414335899762673,7,A_uniform_hard_box,1,0.19603428065912118,False,1.0,0.7853981633974483,0.0,0.19634954084936207,,0.39269908169872414,5,,,,,0.0
32,119,6.738776939425143,"[0, 0]",0.0,52,0,36,0,0,4,20,2,0.0,0.0,True,0.0,20,6.738776939425143,"[0, 0]",0.0,0.0,1.0,True,0.0,7,A_uniform_hard_box,0,0.0,True,0.0,0.0,0.0,0.0,,0.0,5,,,,,0.0
32,119,9.973570793027642,"[0, 0]",0.0,12,40,6,30,20,0,0,2,0.8600794094617785,0.12286848706596837,False,0.007169188276575866,20,9.966401604751066,"[0, 0]",0.0,0.5163612521949638,0.9887743380782195,False,0.3823496173889265,7,B_exact_finite_discrete_gaussian,4,1.9983478729659827,False,1.0,1.0,0.0,9.62112750161874,,19.24225500323748,5,,,,,0.0
32,119,9.984935889618438,"[0, 0]",0.0,28,24,30,6,12,1,8,2,0.3895320600295522,0.055647437147078885,False,0.018534284867371298,20,9.966401604751066,"[0, 0]",0.0,0.5214854664397353,0.9974420867365541,False,0.18767373096694198,7,B_exact_finite_discrete_gaussian,3,1.9995793502381647,False,1.0,1.0,0.0,3.3379421944391554,,6.675884388878311,5,,,,,0.0
32,119,9.969379548613844,"[0, 0]",0.0,40,12,36,0,6,2,14,2,0.04985883069261221,0.007122690098944602,True,0.002977943862777721,20,9.966401604751066,"[0, 0]",0.0,0.5132441797853494,0.9999527033006697,True,0.025728394123124578,7,B_exact_finite_discrete_gaussian,2,0.942793473651995,False,1.0,1.0,0.0,0.9817477042468103,,1.9634954084936207,5,,,,,0.0
32,119,9.966494943647206,"[0, 0]",0.0,48,4,36,0,2,3,18,2,0.0024998290591931325,0.00035711843702759035,True,9.333889613927226e-05,20,9.966401604751066,"[0, 0]",0.0,0.49850212955967443,0.9999998420448983,True,0.001487067299386498,7,B_exact_finite_discrete_gaussian,1,0.19603428065912118,False,1.0,0.7853981633974483,0.0,0.19634954084936207,,0.39269908169872414,5,,,,,0.0
32,119,9.966401604751066,"[0, 0]",0.0,52,0,36,0,0,4,20,2,0.0,0.0,True,0.0,20,9.966401604751066,"[0, 0]",0.0,0.0,1.0,True,0.0,7,B_exact_finite_discrete_gaussian,0,0.0,True,0.0,0.0,0.0,0.0,,0.0,5,,,,,0.0
32,133,8.638945956165841,"[0, 0]",0.01955795288085937,12,40,6,30,20,0,0,2,1.0,0.7510477917498516,False,1.7259460696084243,20,6.912999886557417,"[0, 0]",0.0029148212606368365,0.5018067764939579,0.5234528209256799,False,0.9999420213339966,7,A_uniform_hard_box,4,1.9983478729659827,False,1.0,1.0,0.0,9.62112750161874,,19.24225500323748,5,,,,,0.016643131620222535
32,133,8.413925639242187,"[0, 0]",0.01177978515625,28,24,30,6,12,1,8,2,1.0,0.42813959761928055,False,1.5009257526847701,20,6.912999886557417,"[0, 0]",0.0029148212606368365,0.5159252163388216,0.8342060225199562,False,0.9596685468150793,7,A_uniform_hard_box,3,1.9995793502381647,False,1.0,1.0,0.0,3.3379421944391554,,6.675884388878311,5,,,,,0.008864963895613164
32,133,7.344196487220922,"[0, 0]",0.005387313934630919,40,12,36,0,6,2,14,2,0.6522445939285698,0.09317779913265282,False,0.4311966006635055,20,6.912999886557417,"[0, 0]",0.0029148212606368365,0.5369283285621433,0.9802069310726841,False,0.49409221140754883,7,A_uniform_hard_box,2,0.942793473651995,False,1.0,1.0,0.0,0.9817477042468103,,1.9634954084936207,5,,,,,0.0024724926739940825
32,133,6.96528491722543,"[0, 0]",0.0034384244206881326,48,4,36,0,2,3,18,2,0.07368952849588778,0.01052707549941254,False,0.05228503066801338,20,6.912999886557417,"[0, 0]",0.0029148212606368365,0.5831200817593528,0.9989250183900704,False,0.12224988793864973,7,A_uniform_hard_box,1,0.19603428065912118,False,1.0,0.7853981633974483,0.0,0.19634954084936207,,0.39269908169872414,5,,,,,0.0005236031600512961
32,133,6.912999886557417,"[0, 0]",0.0029148212606368365,52,0,36,0,0,4,20,2,0.0,0.0,True,0.0,20,6.912999886557417,"[0, 0]",0.0029148212606368365,0.0,1.0,True,0.0,7,A_uniform_hard_box,0,0.0,True,0.0,0.0,0.0,0.0,,0.0,5,,,,,0.0
32,133,9.989263884257682,"[0, 0]",5.442998727081538e-09,12,40,6,30,20,0,0,2,0.8009063060766302,0.11441518658237573,False,0.03232797430526091,20,9.95693590995242,"[0, 0]",9.316503323004034e-07,0.49991648419420986,0.990755631007575,False,0.34917737800512927,7,B_exact_finite_discrete_gaussian,4,1.9983478729659827,False,1.0,1.0,0.0,9.62112750161874,,19.24225500323748,5,,,,,-9.262073335733218e-07
32,133,9.989719421530342,"[0, 0]",4.8485645676903024e-05,28,24,30,6,12,1,8,2,0.5557910584117493,0.0793987226302499,False,0.03278351157792159,20,9.95693590995242,"[0, 0]",9.316503323004034e-07,0.4994840645318518,0.9954615201463204,False,0.24839067020489977,7,B_exact_finite_discrete_gaussian,3,1.9995793502381647,False,1.0,1.0,0.0,3.3379421944391554,,6.675884388878311,5,,,,,4.755399534460262e-05
32,133,9.96779228275263,"[0, 0]",1.4201251410227633e-05,40,12,36,0,6,2,14,2,0.1130095025286306,0.01614421464694723,False,0.010856372800208902,20,9.95693590995242,"[0, 0]",9.316503323004034e-07,0.4999416588532944,0.99978207265672,False,0.055196601066238825,7,B_exact_finite_discrete_gaussian,2,0.942793473651995,False,1.0,1.0,0.0,0.9817477042468103,,1.9634954084936207,5,,,,,1.326960107792723e-05
32,133,9.958575329344445,"[0, 0]",3.6907957145964135e-06,48,4,36,0,2,3,18,2,0.014555047344308236,0.0020792924777583194,True,0.0016394193920241662,20,9.95693590995242,"[0, 0]",9.316503323004034e-07,0.5000000000000026,0.99999563211079,True,0.007819764243933075,7,B_exact_finite_discrete_gaussian,1,0.19603428065912118,False,1.0,0.7853981633974483,0.0,0.19634954084936207,,0.39269908169872414,5,,,,,2.75914538229601e-06
32,133,9.95693590995242,"[0, 0]",9.316503323004034e-07,52,0,36,0,0,4,20,2,0.0,0.0,True,0.0,20,9.95693590995242,"[0, 0]",9.316503323004034e-07,0.0,1.0,True,0.0,7,B_exact_finite_discrete_gaussian,0,0.0,True,0.0,0.0,0.0,0.0,,0.0,5,,,,,0.0
32,161,8.498417474288534,"[0, 0]",0.018920898437500014,12,40,6,30,20,0,0,2,1.0,0.7079470475811114,False,1.3197034015982236,20,7.17871407269031,"[0, 0]",0.0015206756414876364,0.486166857237822,0.5608303928338237,False,0.9998477193756792,7,A_uniform_hard_box,4,1.9983478729659827,False,1.0,1.0,0.0,9.62112750161874,,19.24225500323748,5,,,,,0.017400222796012377
32,161,8.353428650201858,"[0, 0]",0.009460449218750007,28,24,30,6,12,1,8,2,1.0,0.3834054633388389,False,1.1747145775115477,20,7.17871407269031,"[0, 0]",0.0015206756414876364,0.4730468647057628,0.8670988807272056,False,0.9296133217656287,7,A_uniform_hard_box,3,1.9995793502381647,False,1.0,1.0,0.0,3.3379421944391554,,6.675884388878311,5,,,,,0.00793977357726237
32,161,7.515862819303534,"[0, 0]",0.002770901423100918,40,12,36,0,6,2,14,2,0.5842966380092007,0.08347094828702867,False,0.3371487466132237,20,7.17871407269031,"[0, 0]",0.0015206756414876364,0.5178636284428798,0.9860400522364501,False,0.4226801002353988,7,A_uniform_hard_box,2,0.942793473651995,False,1.0,1.0,0.0,0.9817477042468103,,1.9634954084936207,5,,,,,0.0012502257816132817
32,161,7.222255475549552,"[0, 0]",0.0017779015256147515,48,4,36,0,2,3,18,2,0.0735048260273336,0.010500689432476229,False,0.04354140285924224,20,7.17871407269031,"[0, 0]",0.0015206756414876364,0.5935734020045994,0.9991355580367893,False,0.10970151049926243,7,A_uniform_hard_box,1,0.19603428065912118,False,1.0,0.7853981633974483,0.0,0.19634954084936207,,0.39269908169872414,5,,,,,0.0002572258841271151
32,161,7.17871407269031,"[0, 0]",0.0015206756414876364,52,0,36,0,0,4,20,2,0.0,0.0,True,0.0,20,7.17871407269031,"[0, 0]",0.0015206756414876364,0.0,1.0,True,0.0,7,A_uniform_hard_box,0,0.0,True,0.0,0.0,0.0,0.0,,0.0,5,,,,,0.0
32,161,9.966934970441297,"[0, 0]",3.884327692826872e-09,12,40,6,30,20,0,0,2,0.9166081323966085,0.13094401891380122,False,0.01905801822725195,20,9.947876952214045,"[0, 0]",9.564679203342974e-08,0.5086983079658542,0.9865701557701834,False,0.41527698653860523,7,B_exact_finite_discrete_gaussian,4,1.9983478729659827,False,1.0,1.0,0.0,9.62112750161874,,19.24225500323748,5,,,,,-9.176246434060287e-08
32,161,9.981372233267853,"[0, 0]",1.367672988000345e-06,28,24,30,6,12,1,8,2,0.5337898415424742,0.07625569164892489,False,0.03349528105380806,20,9.947876952214045,"[0, 0]",9.564679203342974e-08,0.5070356159127055,0.9955923440725261,False,0.24488789558250254,7,B_exact_finite_discrete_gaussian,3,1.9995793502381647,False,1.0,1.0,0.0,3.3379421944391554,,6.675884388878311,5,,,,,1.2720261959669153e-06
32,161,9.956896539268804,"[0, 0]",4.0058214373947347e-07,40,12,36,0,6,2,14,2,0.08437365876987647,0.012053379824268068,False,0.009019587054758915,20,9.947876952214045,"[0, 0]",9.564679203342974e-08,0.4992313005774607,0.9998382933753641,True,0.0475553858298802,7,B_exact_finite_discrete_gaussian,2,0.942793473651995,False,1.0,1.0,0.0,0.9817477042468103,,1.9634954084936207,5,,,,,3.0493535170604373e-07
32,161,9.948887087561221,"[0, 0]",1.894557554139257e-07,48,4,36,0,2,3,18,2,0.008157164415970171,0.001165309202281453,True,0.0010101353471760888,20,9.947876952214045,"[0, 0]",9.564679203342974e-08,0.4994030806959169,0.999998170277097,True,0.005061206969305481,7,B_exact_finite_discrete_gaussian,1,0.19603428065912118,False,1.0,0.7853981633974483,0.0,0.19634954084936207,,0.39269908169872414,5,,,,,9.380896338049595e-08
32,161,9.947876952214045,"[0, 0]",9.564679203342974e-08,52,0,36,0,0,4,20,2,0.0,0.0,True,0.0,20,9.947876952214045,"[0, 0]",9.564679203342974e-08,0.0,1.0,True,0.0,7,B_exact_finite_discrete_gaussian,0,0.0,True,0.0,0.0,0.0,0.0,,0.0,5,,,,,0.0
